index,id,time,experiment,control
lw_1-10a.JPG,50,h,,
lw_1-10b.JPG,50,h,,
lw_1-10c.JPG,50,h,,
lw_1-11a.JPG,54,m,,
lw_1-11b.JPG,54,m,,
lw_1-11c.JPG,54,m,,
lw_1-12a.JPG,47,h,,
lw_1-12b.JPG,47,h,,
lw_1-12c.JPG,47,h,,
lw_1-13a.JPG,58,m,,
lw_1-13b.JPG,58,m,,
lw_1-13c.JPG,58,m,,
lw_1-14a.JPG,55,m,,
lw_1-14b.JPG,55,m,,
lw_1-14c.JPG,55,m,,
lw_1-15a.JPG,45,h,,
lw_1-15b.JPG,45,h,,
lw_1-15c.JPG,45,h,,
lw_1-16a.JPG,41,h,,
lw_1-16b.JPG,41,h,,
lw_1-16c.JPG,41,h,,
lw_1-17a.JPG,48,h,,
lw_1-17b.JPG,48,h,,
lw_1-17c.JPG,48,h,,
lw_1-18a.JPG,52,m,,
lw_1-18b.JPG,52,m,,
lw_1-18c.JPG,52,m,,
lw_1-19a.JPG,51,m,,
lw_1-19b.JPG,51,m,,
lw_1-19c.JPG,51,m,,
lw_1-1a.JPG,44,h,,
lw_1-1b.JPG,44,h,,
lw_1-1c.JPG,44,h,,
lw_1-20a.JPG,60,m,,
lw_1-20b.JPG,60,m,,
lw_1-20c.JPG,60,m,,
lw_1-2a.JPG,43,h,,
lw_1-2b.JPG,43,h,,
lw_1-2c.JPG,43,h,,
lw_1-3a.JPG,56,m,,
lw_1-3b.JPG,56,m,,
lw_1-3c.JPG,56,m,,
lw_1-4a.JPG,49,h,,
lw_1-4b.JPG,49,h,,
lw_1-4c.JPG,49,h,,
lw_1-5a.JPG,42,h,,
lw_1-5b.JPG,42,h,,
lw_1-5c.JPG,42,h,,
lw_1-6a.JPG,59,m,,
lw_1-6b.JPG,59,m,,
lw_1-6c.JPG,59,m,,
lw_1-7a.JPG,57,m,,
lw_1-7b.JPG,57,m,,
lw_1-7c.JPG,57,m,,
lw_1-8a.JPG,46,h,,
lw_1-8b.JPG,46,h,,
lw_1-8c.JPG,46,h,,
lw_1-9a.JPG,53,m,,
lw_1-9b.JPG,53,m,,
lw_1-9c.JPG,53,m,,
lw_11-10a.JPG,91,n,,
lw_11-10b.JPG,91,n,,
lw_11-10c.JPG,91,n,,
lw_11-11a.JPG,86,i,,
lw_11-11b.JPG,86,i,,
lw_11-11c.JPG,86,i,,
lw_11-12a.JPG,93,n,,
lw_11-12b.JPG,93,n,,
lw_11-12c.JPG,93,n,,
lw_11-13a.JPG,99,n,,
lw_11-13b.JPG,99,n,,
lw_11-13c.JPG,99,n,,
lw_11-14a.JPG,95,n,,
lw_11-14b.JPG,95,n,,
lw_11-14c.JPG,95,n,,
lw_11-15a.JPG,87,i,,
lw_11-15b.JPG,87,i,,
lw_11-15c.JPG,87,i,,
lw_11-16a.JPG,94,n,,
lw_11-16b.JPG,94,n,,
lw_11-16c.JPG,94,n,,
lw_11-17a.JPG,98,n,,
lw_11-17b.JPG,98,n,,
lw_11-17c.JPG,98,n,,
lw_11-18a.JPG,85,i,,
lw_11-18b.JPG,85,i,,
lw_11-18c.JPG,85,i,,
lw_11-20a.JPG,89,i,,
lw_11-20b.JPG,89,i,,
lw_11-20c.JPG,89,i,,
lw_11-2a.JPG,92,n,,
lw_11-2b.JPG,92,n,,
lw_11-2c.JPG,92,n,,
lw_11-3a.JPG,93,n,,
lw_11-3b.JPG,93,n,,
lw_11-3c.JPG,93,n,,
lw_11-4a.JPG,82,i,,
lw_11-4b.JPG,82,i,,
lw_11-4c.JPG,82,i,,
lw_11-5a.JPG,81,i,,
lw_11-5b.JPG,81,i,,
lw_11-5c.JPG,81,i,,
lw_11-6a.JPG,88,i,,
lw_11-6b.JPG,88,i,,
lw_11-6c.JPG,88,i,,
lw_11-7a.JPG,97,n,,
lw_11-7b.JPG,97,n,,
lw_11-7c.JPG,97,n,,
lw_11-8a.JPG,90,i,,
lw_11-8b.JPG,90,i,,
lw_11-8c.JPG,90,i,,
lw_11-9a.JPG,100,n,,
lw_11-9b.JPG,100,n,,
lw_11-9c.JPG,100,n,,
lw_12-12a.JPG,19,g,,
lw_12-12b.JPG,19,g,,
lw_12-12c.JPG,19,g,,
lw_12-13a.JPG,4,l,,
lw_12-13b.JPG,4,l,,
lw_12-13c.JPG,4,l,,
lw_12-14a.JPG,12,g,,
lw_12-14b.JPG,12,g,,
lw_12-14c.JPG,12,g,,
lw_12-15a.JPG,17,g,,
lw_12-15b.JPG,17,g,,
lw_12-15c.JPG,17,g,,
lw_12-16a.JPG,14,g,,
lw_12-16b.JPG,14,g,,
lw_12-16c.JPG,14,g,,
lw_12-18a.JPG,18,g,,
lw_12-18b.JPG,18,g,,
lw_12-18c.JPG,18,g,,
lw_12-1a.JPG,20,g,,
lw_12-1b.JPG,20,g,,
lw_12-1c.JPG,20,g,,
lw_12-20a.JPG,1,l,,
lw_12-20b.JPG,1,l,,
lw_12-20c.JPG,1,l,,
lw_12-2a.JPG,15,g,,
lw_12-2b.JPG,15,g,,
lw_12-2c.JPG,15,g,,
lw_12-3a.JPG,5,l,,
lw_12-3b.JPG,5,l,,
lw_12-3c.JPG,5,l,,
lw_12-4a.JPG,2,l,,
lw_12-4b.JPG,2,l,,
lw_12-4c.JPG,2,l,,
lw_12-7a.JPG,3,l,,
lw_12-7b.JPG,3,l,,
lw_12-7c.JPG,3,l,,
lw_12-8a.JPG,16,g,,
lw_12-8b.JPG,16,g,,
lw_12-8c.JPG,16,g,,
lw_12-9a.JPG,11,g,,
lw_12-9b.JPG,11,g,,
lw_12-9c.JPG,11,g,,
lw_13-10a.jpg,50,j,,
lw_13-10b.jpg,50,j,,
lw_13-10c.jpg,50,j,,
lw_13-11a.jpg,54,o,,
lw_13-11b.jpg,54,o,,
lw_13-11c.jpg,54,o,,
lw_13-12a.jpg,47,j,,
lw_13-12b.jpg,47,j,,
lw_13-12c.jpg,47,j,,
lw_13-13a.JPG,58,o,,
lw_13-13b.JPG,58,o,,
lw_13-13c.JPG,58,o,,
lw_13-14a.jpg,55,o,,
lw_13-14b.jpg,55,o,,
lw_13-14c.jpg,55,o,,
lw_13-15a.jpg,48,j,,
lw_13-15b.jpg,48,j,,
lw_13-15c.jpg,48,j,,
lw_13-16a.JPG,60,o,,
lw_13-16b.JPG,60,o,,
lw_13-16c.JPG,60,o,,
lw_13-17a.jpg,45,j,,
lw_13-17b.jpg,45,j,,
lw_13-17c.jpg,45,j,,
lw_13-18a.jpg,52,o,,
lw_13-18b.jpg,52,o,,
lw_13-18c.jpg,52,o,,
lw_13-19a.jpg,51,o,,
lw_13-19b.jpg,51,o,,
lw_13-19c.jpg,51,o,,
lw_13-1a.jpg,44,j,,
lw_13-1b.jpg,44,j,,
lw_13-1c.jpg,44,j,,
lw_13-20a.jpg,41,j,,
lw_13-20b.jpg,41,j,,
lw_13-20c.jpg,41,j,,
lw_13-2a.jpg,43,j,,
lw_13-2b.jpg,43,j,,
lw_13-2c.jpg,43,j,,
lw_13-3a.jpg,56,o,,
lw_13-3b.jpg,56,o,,
lw_13-3c.jpg,56,o,,
lw_13-4a.jpg,49,j,,
lw_13-4b.jpg,49,j,,
lw_13-4c.jpg,49,j,,
lw_13-5a.jpg,42,j,,
lw_13-5b.jpg,42,j,,
lw_13-5c.jpg,42,j,,
lw_13-6a.JPG,59,o,,
lw_13-6b.JPG,59,o,,
lw_13-6c.JPG,59,o,,
lw_13-7a.jpg,53,o,,
lw_13-7b.jpg,53,o,,
lw_13-7c.jpg,53,o,,
lw_13-8a.jpg,46,j,,
lw_13-8b.jpg,46,j,,
lw_13-8c.jpg,46,j,,
lw_13-9a.jpg,57,o,,
lw_13-9b.jpg,57,o,,
lw_13-9c.JPG,57,o,,
lw_16-10a.JPG,170,h,,
lw_16-10b.JPG,170,h,,
lw_16-10c.JPG,170,h,,
lw_16-11a.JPG,177,m,,
lw_16-11b.JPG,177,m,,
lw_16-11c.JPG,177,m,,
lw_16-12a.JPG,179,m,,
lw_16-12b.JPG,179,m,,
lw_16-12c.JPG,179,m,,
lw_16-13a.JPG,172,m,,
lw_16-13b.JPG,172,m,,
lw_16-13c.JPG,172,m,,
lw_16-14a.JPG,165,h,,
lw_16-14b.JPG,165,h,,
lw_16-14c.JPG,165,h,,
lw_16-15a.JPG,175,m,,
lw_16-15b.JPG,175,m,,
lw_16-15c.JPG,175,m,,
lw_16-16a.JPG,161,h,,
lw_16-16b.JPG,161,h,,
lw_16-16c.JPG,161,h,,
lw_16-17a.JPG,171,m,,
lw_16-17b.JPG,171,m,,
lw_16-17c.JPG,171,m,,
lw_16-18a.JPG,166,h,,
lw_16-18b.JPG,166,h,,
lw_16-18c.JPG,166,h,,
lw_16-19a.JPG,176,m,,
lw_16-19b.JPG,176,m,,
lw_16-19c.JPG,176,m,,
lw_16-1a.JPG,162,h,,
lw_16-1b.JPG,162,h,,
lw_16-1c.JPG,162,h,,
lw_16-20a.JPG,168,h,,
lw_16-20b.JPG,168,h,,
lw_16-20c.JPG,168,h,,
lw_16-2a.JPG,167,h,,
lw_16-2b.JPG,167,h,,
lw_16-2c.JPG,167,h,,
lw_16-3a.JPG,164,h,,
lw_16-3b.JPG,164,h,,
lw_16-3c.JPG,164,h,,
lw_16-4a.JPG,178,m,,
lw_16-4b.JPG,178,m,,
lw_16-4c.JPG,178,m,,
lw_16-5a.JPG,174,m,,
lw_16-5b.JPG,174,m,,
lw_16-5c.JPG,174,m,,
lw_16-6a.JPG,169,h,,
lw_16-6b.JPG,169,h,,
lw_16-6c.JPG,169,h,,
lw_16-7a.JPG,180,m,,
lw_16-7b.JPG,180,m,,
lw_16-7c.JPG,180,m,,
lw_16-8a.JPG,173,m,,
lw_16-8b.JPG,173,m,,
lw_16-8c.JPG,173,m,,
lw_16-9a.JPG,163,h,,
lw_16-9b.JPG,163,h,,
lw_16-9c.JPG,163,h,,
lw_19-10a.JPG,140,a,,
lw_19-10b.JPG,140,a,,
lw_19-10c.JPG,140,a,,
lw_19-11a.JPG,123,a,,
lw_19-11b.JPG,123,a,,
lw_19-11c.JPG,123,a,,
lw_19-12a.JPG,129,a,,
lw_19-12b.JPG,129,a,,
lw_19-12c.JPG,129,a,,
lw_19-13a.JPG,134,a,,
lw_19-13b.JPG,134,a,,
lw_19-13c.JPG,134,a,,
lw_19-14a.JPG,139,a,,
lw_19-14b.JPG,139,a,,
lw_19-14c.JPG,139,a,,
lw_19-15a.JPG,138,a,,
lw_19-15b.JPG,138,a,,
lw_19-15c.JPG,138,a,,
lw_19-16a.JPG,128,a,,
lw_19-16b.JPG,128,a,,
lw_19-16c.JPG,128,a,,
lw_19-17a.JPG,127,a,,
lw_19-17b.JPG,127,a,,
lw_19-17c.JPG,127,a,,
lw_19-18a.JPG,133,a,,
lw_19-18b.JPG,133,a,,
lw_19-18c.JPG,133,a,,
lw_19-19a.JPG,124,a,,
lw_19-19b.JPG,124,a,,
lw_19-19c.JPG,124,a,,
lw_19-1a.JPG,135,a,,
lw_19-1b.JPG,135,a,,
lw_19-1c.JPG,135,a,,
lw_19-20a.JPG,132,a,,
lw_19-20b.JPG,132,a,,
lw_19-20c.JPG,132,a,,
lw_19-2a.JPG,122,a,,
lw_19-2b.JPG,122,a,,
lw_19-2c.JPG,122,a,,
lw_19-3a.JPG,121,a,,
lw_19-3b.JPG,121,a,,
lw_19-3c.JPG,121,a,,
lw_19-4a.JPG,136,a,,
lw_19-4b.JPG,136,a,,
lw_19-4c.JPG,136,a,,
lw_19-6a.JPG,131,a,,
lw_19-6b.JPG,131,a,,
lw_19-6c.JPG,131,a,,
lw_19-7a.JPG,125,a,,
lw_19-7b.JPG,125,a,,
lw_19-7c.JPG,125,a,,
lw_19-8a.JPG,126,a,,
lw_19-8b.JPG,126,a,,
lw_19-8c.JPG,126,a,,
lw_19-9a.JPG,137,a,,
lw_19-9b.JPG,137,a,,
lw_19-9c.JPG,137,a,,
lw_2-10a.JPG,4,m,,
lw_2-10b.JPG,4,m,,
lw_2-10c.JPG,4,m,,
lw_2-11a.JPG,14,h,,
lw_2-11b.JPG,14,h,,
lw_2-11c.JPG,14,h,,
lw_2-13a.JPG,19,h,,
lw_2-13b.JPG,19,h,,
lw_2-13c.JPG,19,h,,
lw_2-14a.JPG,15,h,,
lw_2-14b.JPG,15,h,,
lw_2-14c.JPG,15,h,,
lw_2-15a.JPG,5,m,,
lw_2-15b.JPG,5,m,,
lw_2-15c.JPG,5,m,,
lw_2-16a.JPG,2,m,,
lw_2-16b.JPG,2,m,,
lw_2-16c.JPG,2,m,,
lw_2-18a.JPG,12,h,,
lw_2-18b.JPG,12,h,,
lw_2-18c.JPG,12,h,,
lw_2-20a.JPG,18,h,,
lw_2-20b.JPG,18,h,,
lw_2-20c.JPG,18,h,,
lw_2-2a.JPG,3,m,,
lw_2-2b.JPG,3,m,,
lw_2-2c.JPG,3,m,,
lw_2-3a.JPG,16,h,,
lw_2-3b.JPG,16,h,,
lw_2-3c.JPG,16,h,,
lw_2-4a.JPG,11,h,,
lw_2-4b.JPG,11,h,,
lw_2-4c.JPG,11,h,,
lw_2-5a.JPG,1,m,,
lw_2-5b.JPG,1,m,,
lw_2-5c.JPG,1,m,,
lw_2-6a.JPG,20,h,,
lw_2-6b.JPG,20,h,,
lw_2-6c.JPG,20,h,,
lw_2-7a.JPG,17,h,,
lw_2-7b.JPG,17,h,,
lw_2-7c.JPG,17,h,,
lw_3-10a.JPG,147,a,,
lw_3-10b.JPG,147,a,,
lw_3-10c.JPG,147,a,,
lw_3-11a.JPG,151,a,,
lw_3-11b.JPG,151,a,,
lw_3-11c.JPG,151,a,,
lw_3-12a.JPG,142,a,,
lw_3-12b.JPG,142,a,,
lw_3-12c.JPG,142,a,,
lw_3-13a.JPG,149,a,,
lw_3-13b.JPG,149,a,,
lw_3-13c.JPG,149,a,,
lw_3-14a.JPG,157,a,,
lw_3-14b.JPG,157,a,,
lw_3-14c.JPG,157,a,,
lw_3-15a.JPG,155,a,,
lw_3-15b.JPG,155,a,,
lw_3-15c.JPG,155,a,,
lw_3-16a.JPG,150,a,,
lw_3-16b.JPG,150,a,,
lw_3-16c.JPG,150,a,,
lw_3-17a.JPG,143,a,,
lw_3-17b.JPG,143,a,,
lw_3-17c.JPG,143,a,,
lw_3-18a.JPG,152,a,,
lw_3-18b.JPG,152,a,,
lw_3-18c.JPG,152,a,,
lw_3-19a.JPG,156,a,,
lw_3-19b.JPG,156,a,,
lw_3-19c.JPG,156,a,,
lw_3-1a.JPG,148,a,,
lw_3-1b.JPG,148,a,,
lw_3-1c.JPG,148,a,,
lw_3-20a.JPG,145,a,,
lw_3-20b.JPG,145,a,,
lw_3-20c.JPG,145,a,,
lw_3-2a.JPG,144,a,,
lw_3-2b.JPG,144,a,,
lw_3-2c.JPG,144,a,,
lw_3-3a.JPG,153,a,,
lw_3-3b.JPG,153,a,,
lw_3-3c.JPG,153,a,,
lw_3-4a.JPG,158,a,,
lw_3-4b.JPG,158,a,,
lw_3-4c.JPG,158,a,,
lw_3-5a.JPG,141,a,,
lw_3-5b.JPG,141,a,,
lw_3-5c.JPG,141,a,,
lw_3-6a.JPG,154,a,,
lw_3-6b.JPG,154,a,,
lw_3-6c.JPG,154,a,,
lw_3-7a.JPG,146,a,,
lw_3-7b.JPG,146,a,,
lw_3-7c.JPG,146,a,,
lw_3-8a.JPG,160,a,,
lw_3-8b.JPG,160,a,,
lw_3-8c.JPG,160,a,,
lw_3-9a.JPG,159,a,,
lw_3-9b.JPG,159,a,,
lw_3-9c.JPG,159,a,,
lw_40-10a.JPG,4,k,,
lw_40-10b.JPG,4,k,,
lw_40-10c.JPG,4,k,,
lw_40-11a.JPG,15,f,,
lw_40-11b.JPG,15,f,,
lw_40-11c.JPG,15,f,,
lw_40-12a.JPG,19,f,,
lw_40-12b.JPG,19,f,,
lw_40-12c.JPG,19,f,,
lw_40-15a.JPG,14,f,,
lw_40-15b.JPG,14,f,,
lw_40-15c.JPG,14,f,,
lw_40-16a.JPG,17,f,,
lw_40-16b.JPG,17,f,,
lw_40-16c.JPG,17,f,,
lw_40-17a.JPG,20,f,,
lw_40-17b.JPG,20,f,,
lw_40-17c.JPG,20,f,,
lw_40-18a.JPG,2,k,,
lw_40-18b.JPG,2,k,,
lw_40-18c.JPG,2,k,,
lw_40-20a.JPG,12,f,,
lw_40-20b.JPG,12,f,,
lw_40-20c.JPG,12,f,,
lw_40-2a.JPG,1,k,,
lw_40-2b.JPG,1,k,,
lw_40-2c.JPG,1,k,,
lw_40-3a.JPG,5,k,,
lw_40-3b.JPG,5,k,,
lw_40-3c.JPG,5,k,,
lw_40-4a.JPG,16,f,,
lw_40-4b.JPG,16,f,,
lw_40-4c.JPG,16,f,,
lw_40-6a.JPG,3,k,,
lw_40-6b.JPG,3,k,,
lw_40-6c.JPG,3,k,,
lw_40-7a.JPG,3,k,,
lw_40-7b.JPG,3,k,,
lw_40-7c.JPG,3,k,,
lw_40-8a.JPG,18,f,,
lw_40-8b.JPG,18,f,,
lw_40-8c.JPG,18,f,,
lw_40-9a.JPG,11,f,,
lw_40-9b.JPG,11,f,,
lw_40-9c.JPG,11,f,,
lw_58-10a.JPG,129,b,,
lw_58-10b.JPG,129,b,,
lw_58-10c.JPG,129,b,,
lw_58-11a.JPG,121,b,,
lw_58-11b.JPG,121,b,,
lw_58-11c.JPG,121,b,,
lw_58-12a.JPG,134,b,,
lw_58-12b.JPG,134,b,,
lw_58-12c.JPG,134,b,,
lw_58-13a.JPG,140,b,,
lw_58-13b.JPG,140,b,,
lw_58-13c.JPG,140,b,,
lw_58-14a.JPG,127,b,,
lw_58-14b.JPG,127,b,,
lw_58-14c.JPG,127,b,,
lw_58-16a.JPG,137,b,,
lw_58-16b.JPG,137,b,,
lw_58-16c.JPG,137,b,,
lw_58-17a.JPG,123,b,,
lw_58-17b.JPG,123,b,,
lw_58-17c.JPG,123,b,,
lw_58-18a.JPG,133,b,,
lw_58-18b.JPG,133,b,,
lw_58-18c.JPG,133,b,,
lw_58-19a.JPG,124,b,,
lw_58-19b.JPG,124,b,,
lw_58-19c.JPG,124,b,,
lw_58-1a.JPG,139,b,,
lw_58-1b.JPG,139,b,,
lw_58-1c.JPG,139,b,,
lw_58-20a.JPG,131,b,,
lw_58-20b.JPG,131,b,,
lw_58-20c.JPG,131,b,,
lw_58-2a.JPG,132,b,,
lw_58-2b.JPG,132,b,,
lw_58-2c.JPG,132,b,,
lw_58-3a.JPG,126,b,,
lw_58-3b.JPG,126,b,,
lw_58-3c.JPG,126,b,,
lw_58-4a.JPG,122,b,,
lw_58-4b.JPG,122,b,,
lw_58-4c.JPG,122,b,,
lw_58-5a.JPG,138,b,,
lw_58-5b.JPG,138,b,,
lw_58-5c.JPG,138,b,,
lw_58-6a.JPG,128,b,,
lw_58-6b.JPG,128,b,,
lw_58-6c.JPG,128,b,,
lw_58-7a.JPG,125,b,,
lw_58-7b.JPG,125,b,,
lw_58-7c.JPG,125,b,,
lw_58-8a.JPG,135,b,,
lw_58-8b.JPG,135,b,,
lw_58-8c.JPG,135,b,,
lw_58-9a.JPG,136,b,,
lw_58-9b.JPG,136,b,,
lw_58-9c.JPG,136,b,,
lw_6-10a.JPG,103,f,,
lw_6-10b.JPG,103,f,,
lw_6-10c.JPG,103,f,,
lw_6-11a.JPG,115,k,,
lw_6-11b.JPG,115,k,,
lw_6-11c.JPG,115,k,,
lw_6-12a.JPG,120,k,,
lw_6-12b.JPG,120,k,,
lw_6-12c.JPG,120,k,,
lw_6-13a.JPG,110,f,,
lw_6-13b.JPG,110,f,,
lw_6-13c.JPG,110,f,,
lw_6-14a.JPG,106,f,,
lw_6-14b.JPG,106,f,,
lw_6-14c.JPG,106,f,,
lw_6-15a.JPG,117,k,,
lw_6-15b.JPG,117,k,,
lw_6-15c.JPG,117,k,,
lw_6-16a.JPG,114,k,,
lw_6-16b.JPG,114,k,,
lw_6-16c.JPG,114,k,,
lw_6-17a.JPG,119,k,,
lw_6-17b.JPG,119,k,,
lw_6-17c.JPG,119,k,,
lw_6-18a.JPG,102,f,,
lw_6-18b.JPG,102,f,,
lw_6-18c.JPG,102,f,,
lw_6-19a.JPG,108,f,,
lw_6-19b.JPG,108,f,,
lw_6-19c.JPG,108,f,,
lw_6-1a.JPG,101,f,,
lw_6-1b.JPG,101,f,,
lw_6-1c.JPG,101,f,,
lw_6-20a.JPG,112,k,,
lw_6-20b.JPG,112,k,,
lw_6-20c.JPG,112,k,,
lw_6-2a.JPG,109,f,,
lw_6-2b.JPG,109,f,,
lw_6-2c.JPG,109,f,,
lw_6-3a.JPG,105,f,,
lw_6-3b.JPG,105,f,,
lw_6-3c.JPG,105,f,,
lw_6-4a.JPG,116,k,,
lw_6-4b.JPG,116,k,,
lw_6-4c.JPG,116,k,,
lw_6-5a.JPG,113,k,,
lw_6-5b.JPG,113,k,,
lw_6-5c.JPG,113,k,,
lw_6-6a.JPG,118,k,,
lw_6-6b.JPG,118,k,,
lw_6-6c.JPG,118,k,,
lw_6-7a.JPG,104,f,,
lw_6-7b.JPG,104,f,,
lw_6-7c.JPG,104,f,,
lw_6-8a.JPG,107,f,,
lw_6-8b.JPG,107,f,,
lw_6-8c.JPG,107,f,,
lw_6-9a.JPG,111,k,,
lw_6-9b.JPG,111,k,,
lw_6-9c.JPG,111,k,,
aw_20200908_111119364_mouse_l_02564.png,6,a,A,
aw_20200908_111119364_mouse_l_05900.png,6,a,A,
aw_20200908_112448278_mouse_l_03448.png,2,a,A,
aw_20200908_112448278_mouse_l_07531.png,2,a,A,
aw_20200908_112448278_mouse_r_04129.png,1,a,A,
aw_20200908_112448278_mouse_r_02122.png,1,a,A,
aw_20200908_115014790_mouse_l_03746.png,7,a,B,
aw_20200908_115014790_mouse_l_06736.png,7,a,B,
aw_20200911_112303673_mouse_l_05431.png,2,a,A,
aw_20200911_112303673_mouse_l_05516.png,2,a,A,
aw_20200911_112303673_mouse_r_06233.png,1,a,A,
aw_20200911_112303673_mouse_r_04948.png,1,a,A,
aw_20200911_113109905_mouse_l_02234.png,6,a,A,
aw_20200911_113109905_mouse_l_04927.png,6,a,A,
aw_20200911_113846841_mouse_r_00391.png,7,a,B,
aw_20200911_113846841_mouse_r_04131.png,7,a,B,
aw_20200914_203608477_mouse_l_06134.png,1,b,A,
aw_20200914_203608477_mouse_l_05814.png,1,b,A,
aw_20200914_203608477_mouse_r_03628.png,2,b,A,
aw_20200914_203608477_mouse_r_06070.png,2,b,A,
aw_20200914_210056967_mouse_r_00574.png,6,b,A,
aw_20200914_210056967_mouse_r_06746.png,6,b,A,
aw_20200915_095027673_mouse_l_05368.png,1,c,A,
aw_20200915_095027673_mouse_l_00693.png,1,c,A,
aw_20200915_095027673_mouse_r_06447.png,2,c,A,
aw_20200915_095027673_mouse_r_03767.png,2,c,A,
aw_20200915_101424882_mouse_r_03740.png,6,c,A,
aw_20200915_101424882_mouse_r_06752.png,6,c,A,
aw_20200915_203150940_mouse_r_06123.png,7,b,B,
aw_20200915_203150940_mouse_r_05829.png,7,b,B,
aw_20200916_092034130_mouse_r_01072.png,7,c,B,
aw_20200916_092034130_mouse_r_07925.png,7,c,B,
aw_20200916_111305092_mouse_l_02367.png,1,d,A,
aw_20200916_111305092_mouse_l_02578.png,1,d,A,
aw_20200916_111305092_mouse_r_05264.png,2,d,A,
aw_20200916_111305092_mouse_r_05470.png,2,d,A,
aw_20200916_113802653_mouse_l_05660.png,6,d,A,
aw_20200916_113802653_mouse_l_01649.png,6,d,A,
aw_20200917_095514988_mouse_l_01804.png,7,d,B,
aw_20200917_095514988_mouse_l_00153.png,7,d,B,
aw_20200917_100646330_mouse_r_00186.png,6,e,A,
aw_20200917_100646330_mouse_r_04113.png,6,e,A,
aw_20200917_114055217_mouse_l_08320.png,2,e,A,
aw_20200917_114055217_mouse_l_08631.png,2,e,A,
aw_20200917_114055217_mouse_r_00569.png,1,e,A,
aw_20200917_114055217_mouse_r_08051.png,1,e,A,
aw_20200918_093650852_mouse_l_07144.png,7,e,B,
aw_20200918_093650852_mouse_l_02872.png,7,e,B,
aw_20200928_211531822_mouse_l_02932.png,1,f,A,
aw_20200928_211531822_mouse_l_06877.png,1,f,A,
aw_20200928_211531822_mouse_r_00109.png,2,f,A,
aw_20200928_211531822_mouse_r_02710.png,2,f,A,
aw_20200929_093950882_mouse_l_00085.png,2,g,A,
aw_20200929_093950882_mouse_l_02731.png,2,g,A,
aw_20200929_093950882_mouse_r_03407.png,1,g,A,
aw_20200929_093950882_mouse_r_04255.png,1,g,A,
aw_20200929_202741690_mouse_l_03927.png,6,f,A,
aw_20200929_202741690_mouse_l_02924.png,6,f,A,
aw_20200929_202741690_mouse_r_02945.png,7,f,B,
aw_20200929_202741690_mouse_r_07494.png,7,f,B,
aw_20200930_083540114_mouse_l_04898.png,7,g,B,
aw_20200930_083540114_mouse_l_04448.png,7,g,B,
aw_20200930_083540114_mouse_r_00520.png,6,g,A,
aw_20200930_083540114_mouse_r_04654.png,6,g,A,
aw_20200930_095645318_mouse_l_07762.png,1,h,A,
aw_20200930_095645318_mouse_l_04206.png,1,h,A,
aw_20200930_095645318_mouse_r_07399.png,2,h,A,
aw_20200930_095645318_mouse_r_07508.png,2,h,A,
aw_20201001_084403802_mouse_l_02008.png,6,h,A,
aw_20201001_084403802_mouse_l_05798.png,6,h,A,
aw_20201001_084403802_mouse_r_00591.png,7,h,B,
aw_20201001_084403802_mouse_r_04328.png,7,h,B,
aw_20201001_100306411_mouse_l_03282.png,2,i,A,
aw_20201001_100306411_mouse_l_01859.png,2,i,A,
aw_20201001_100306411_mouse_r_05856.png,1,i,A,
aw_20201001_100306411_mouse_r_02268.png,1,i,A,
aw_20201002_084504601_mouse_l_01906.png,7,i,B,
aw_20201002_084504601_mouse_l_04397.png,7,i,B,
aw_20201002_084504601_mouse_r_07844.png,6,i,A,
aw_20201002_084504601_mouse_r_08012.png,6,i,A,
aw_20201006_122658895_mouse_l_03872.png,21,a,B,
aw_20201006_122658895_mouse_l_01940.png,21,a,B,
aw_20201006_122658895_mouse_r_02923.png,22,a,B,
aw_20201006_122658895_mouse_r_00904.png,22,a,B,
aw_20201006_125038668_mouse_l_05273.png,27,a,A,
aw_20201006_125038668_mouse_l_05818.png,27,a,A,
aw_20201006_125038668_mouse_r_06350.png,28,a,A,
aw_20201006_125038668_mouse_r_04108.png,28,a,A,
aw_20201006_134013348_mouse_l_01483.png,30,a,B,
aw_20201006_134013348_mouse_l_06561.png,30,a,B,
aw_20201006_134013348_mouse_r_07657.png,29,a,B,
aw_20201006_134013348_mouse_r_00882.png,29,a,B,
aw_20201009_115853009_mouse_l_05986.png,28,a,A,
aw_20201009_115853009_mouse_l_03377.png,28,a,A,
aw_20201009_115853009_mouse_r_03744.png,27,a,A,
aw_20201009_115853009_mouse_r_07206.png,27,a,A,
aw_20201009_122654907_mouse_l_01232.png,29,a,B,
aw_20201009_122654907_mouse_l_03632.png,29,a,B,
aw_20201009_122654907_mouse_r_04665.png,30,a,B,
aw_20201009_122654907_mouse_r_03599.png,30,a,B,
aw_20201009_130446211_mouse_l_06576.png,22,a,B,
aw_20201009_130446211_mouse_l_06806.png,22,a,B,
aw_20201009_130446211_mouse_r_01508.png,21,a,B,
aw_20201009_130446211_mouse_r_06641.png,21,a,B,
aw_20201012_212758497_mouse_l_06953.png,21,b,B,
aw_20201012_212758497_mouse_l_03289.png,21,b,B,
aw_20201012_212758497_mouse_r_02875.png,22,b,B,
aw_20201012_212758497_mouse_r_03215.png,22,b,B,
aw_20201013_093641935_mouse_l_07591.png,22,c,B,
aw_20201013_093641935_mouse_l_06682.png,22,c,B,
aw_20201013_093641935_mouse_r_03712.png,21,c,B,
aw_20201013_093641935_mouse_r_07467.png,21,c,B,
aw_20201013_205751271_mouse_l_02137.png,27,b,A,
aw_20201013_205751271_mouse_l_04577.png,27,b,A,
aw_20201013_205751271_mouse_r_03517.png,28,b,A,
aw_20201013_205751271_mouse_r_06610.png,28,b,A,
aw_20201013_210846073_mouse_l_02836.png,30,b,B,
aw_20201013_210846073_mouse_l_05116.png,30,b,B,
aw_20201013_210846073_mouse_r_02581.png,29,b,B,
aw_20201013_210846073_mouse_r_00913.png,29,b,B,
aw_20201014_083731353_mouse_l_03072.png,28,c,A,
aw_20201014_083731353_mouse_l_04378.png,28,c,A,
aw_20201014_083731353_mouse_r_06779.png,27,c,A,
aw_20201014_083731353_mouse_r_04046.png,27,c,A,
aw_20201014_085356023_mouse_l_01738.png,29,c,B,
aw_20201014_085356023_mouse_l_06930.png,29,c,B,
aw_20201014_085356023_mouse_r_04373.png,30,c,B,
aw_20201014_085356023_mouse_r_00726.png,30,c,B,
aw_20201014_095048049_mouse_l_01880.png,21,d,B,
aw_20201014_095048049_mouse_l_06510.png,21,d,B,
aw_20201014_095048049_mouse_r_05524.png,22,d,B,
aw_20201014_095048049_mouse_r_05954.png,22,d,B,
aw_20201015_083448780_mouse_l_03246.png,27,d,A,
aw_20201015_083448780_mouse_l_07085.png,27,d,A,
aw_20201015_083448780_mouse_r_00997.png,28,d,A,
aw_20201015_083448780_mouse_r_05405.png,28,d,A,
aw_20201015_085143105_mouse_l_02581.png,30,d,B,
aw_20201015_085143105_mouse_l_07103.png,30,d,B,
aw_20201015_085143105_mouse_r_07706.png,29,d,B,
aw_20201015_085143105_mouse_r_07621.png,29,d,B,
aw_20201015_100614715_mouse_l_01919.png,22,e,B,
aw_20201015_100614715_mouse_l_05998.png,22,e,B,
aw_20201015_100614715_mouse_r_03894.png,21,e,B,
aw_20201015_100614715_mouse_r_01111.png,21,e,B,
aw_20201016_083859525_mouse_l_07718.png,28,e,A,
aw_20201016_083859525_mouse_l_04022.png,28,e,A,
aw_20201016_083859525_mouse_r_01744.png,27,e,A,
aw_20201016_083859525_mouse_r_03489.png,27,e,A,
aw_20201016_085707968_mouse_l_02990.png,30,e,B,
aw_20201016_085707968_mouse_l_01143.png,30,e,B,
aw_20201016_085707968_mouse_r_01540.png,29,e,B,
aw_20201016_085707968_mouse_r_01673.png,29,e,B,
aw_20201022_100909412_mouse_r_04703.png,44,e,B,
aw_20201022_100909412_mouse_r_00044.png,44,e,B,
aw_20201026_204814192_mouse_l_06497.png,21,f,B,
aw_20201026_204814192_mouse_l_04405.png,21,f,B,
aw_20201026_204814192_mouse_r_01545.png,22,f,B,
aw_20201026_204814192_mouse_r_01649.png,22,f,B,
aw_20201027_091716929_mouse_l_03719.png,22,g,B,
aw_20201027_091716929_mouse_l_07438.png,22,g,B,
aw_20201027_091716929_mouse_r_08577.png,21,g,B,
aw_20201027_091716929_mouse_r_04751.png,21,g,B,
aw_20201027_202955706_mouse_l_02601.png,27,f,A,
aw_20201027_202955706_mouse_l_04145.png,27,f,A,
aw_20201027_202955706_mouse_r_03826.png,28,f,A,
aw_20201027_202955706_mouse_r_04909.png,28,f,A,
aw_20201027_204112432_mouse_l_00363.png,29,f,B,
aw_20201027_204112432_mouse_l_02290.png,29,f,B,
aw_20201027_204112432_mouse_r_02055.png,30,f,B,
aw_20201027_204112432_mouse_r_06116.png,30,f,B,
aw_20201028_082814193_mouse_l_05765.png,28,g,A,
aw_20201028_082814193_mouse_l_03359.png,28,g,A,
aw_20201028_082814193_mouse_r_07620.png,27,g,A,
aw_20201028_082814193_mouse_r_06566.png,27,g,A,
aw_20201028_084638520_mouse_l_02511.png,30,g,B,
aw_20201028_084638520_mouse_l_02963.png,30,g,B,
aw_20201028_084638520_mouse_r_06883.png,29,g,B,
aw_20201028_084638520_mouse_r_00706.png,29,g,B,
aw_20201028_100634945_mouse_l_06906.png,21,h,B,
aw_20201028_100634945_mouse_l_06825.png,21,h,B,
aw_20201028_100634945_mouse_r_06068.png,22,h,B,
aw_20201028_100634945_mouse_r_00108.png,22,h,B,
aw_20201029_083438626_mouse_l_05069.png,27,h,A,
aw_20201029_083438626_mouse_l_00877.png,27,h,A,
aw_20201029_083438626_mouse_r_01094.png,28,h,A,
aw_20201029_083438626_mouse_r_00116.png,28,h,A,
aw_20201029_084925644_mouse_l_04618.png,29,h,B,
aw_20201029_084925644_mouse_l_01107.png,29,h,B,
aw_20201029_084925644_mouse_r_00936.png,30,h,B,
aw_20201029_084925644_mouse_r_05184.png,30,h,B,
aw_20201029_095853361_mouse_l_03355.png,22,i,B,
aw_20201029_095853361_mouse_l_01923.png,22,i,B,
aw_20201029_095853361_mouse_r_03155.png,21,i,B,
aw_20201029_095853361_mouse_r_05003.png,21,i,B,
aw_20201030_084523410_mouse_l_03115.png,28,i,A,
aw_20201030_084523410_mouse_l_02115.png,28,i,A,
aw_20201030_084523410_mouse_r_07661.png,27,i,A,
aw_20201030_084523410_mouse_r_01426.png,27,i,A,
aw_20201030_090657410_mouse_l_06126.png,30,i,B,
aw_20201030_090657410_mouse_l_03151.png,30,i,B,
aw_20201030_090657410_mouse_r_06111.png,29,i,B,
aw_20201030_090657410_mouse_r_01984.png,29,i,B,
aw_20201103_121417927_mouse_l_06776.png,41,a,A,
aw_20201103_121417927_mouse_l_06661.png,41,a,A,
aw_20201103_121417927_mouse_r_04294.png,42,a,A,
aw_20201103_121417927_mouse_r_05234.png,42,a,A,
aw_20201103_122516175_mouse_l_02561.png,43,a,B,
aw_20201103_122516175_mouse_l_02465.png,43,a,B,
aw_20201103_122516175_mouse_r_05583.png,44,a,B,
aw_20201103_122516175_mouse_r_06030.png,44,a,B,
aw_20201106_103339472_mouse_l_00092.png,41,a,A,
aw_20201106_103339472_mouse_l_03016.png,41,a,A,
aw_20201106_103339472_mouse_r_01758.png,42,a,A,
aw_20201106_103339472_mouse_r_03847.png,42,a,A,
aw_20201106_104247958_mouse_l_06610.png,44,a,B,
aw_20201106_104247958_mouse_l_07095.png,44,a,B,
aw_20201106_104247958_mouse_r_03353.png,43,a,B,
aw_20201106_104247958_mouse_r_07965.png,43,a,B,
aw_20201109_210546585_mouse_l_07470.png,42,b,A,
aw_20201109_210546585_mouse_l_08062.png,42,b,A,
aw_20201109_210546585_mouse_r_02929.png,41,b,A,
aw_20201109_210546585_mouse_r_00791.png,41,b,A,
aw_20201109_211737080_mouse_l_04377.png,44,b,B,
aw_20201109_211737080_mouse_l_05013.png,44,b,B,
aw_20201109_211737080_mouse_r_04873.png,43,b,B,
aw_20201109_211737080_mouse_r_01482.png,43,b,B,
aw_20201110_091402091_mouse_l_00019.png,41,c,A,
aw_20201110_091402091_mouse_l_05682.png,41,c,A,
aw_20201110_091402091_mouse_r_06513.png,42,c,A,
aw_20201110_091402091_mouse_r_06007.png,42,c,A,
aw_20201110_092907356_mouse_l_03299.png,43,c,B,
aw_20201110_092907356_mouse_l_04585.png,43,c,B,
aw_20201110_092907356_mouse_r_04589.png,44,c,B,
aw_20201110_092907356_mouse_r_05792.png,44,c,B,
aw_20201111_095155880_mouse_l_04426.png,42,d,A,
aw_20201111_095155880_mouse_l_04035.png,42,d,A,
aw_20201111_095155880_mouse_r_01362.png,41,d,A,
aw_20201111_095155880_mouse_r_05314.png,41,d,A,
aw_20201111_100420657_mouse_l_03352.png,44,d,B,
aw_20201111_100420657_mouse_l_05498.png,44,d,B,
aw_20201111_100420657_mouse_r_06938.png,43,d,B,
aw_20201111_100420657_mouse_r_07612.png,43,d,B,
aw_20201112_095705376_mouse_l_06586.png,41,e,A,
aw_20201112_095705376_mouse_l_02033.png,41,e,A,
aw_20201112_095705376_mouse_r_02081.png,42,e,A,
aw_20201112_095705376_mouse_r_04756.png,42,e,A,
aw_20201112_101022440_mouse_l_05292.png,43,e,B,
aw_20201112_101022440_mouse_l_06699.png,43,e,B,
aw_20201112_101022440_mouse_r_02237.png,44,e,B,
aw_20201112_101022440_mouse_r_06351.png,44,e,B,
aw_20201123_222021447_mouse_l_06268.png,41,f,A,
aw_20201123_222021447_mouse_l_05058.png,41,f,A,
aw_20201123_222021447_mouse_r_07381.png,42,f,A,
aw_20201123_222021447_mouse_r_05185.png,42,f,A,
aw_20201123_223148412_mouse_l_05330.png,43,f,B,
aw_20201123_223148412_mouse_l_06415.png,43,f,B,
aw_20201123_223148412_mouse_r_06629.png,44,f,B,
aw_20201123_223148412_mouse_r_02648.png,44,f,B,
aw_20201124_093730570_mouse_l_02201.png,42,g,A,
aw_20201124_093730570_mouse_l_00297.png,42,g,A,
aw_20201124_093730570_mouse_r_01446.png,41,g,A,
aw_20201124_093730570_mouse_r_00595.png,41,g,A,
aw_20201124_095320521_mouse_l_06678.png,44,g,B,
aw_20201124_095320521_mouse_l_06545.png,44,g,B,
aw_20201124_095320521_mouse_r_02119.png,43,g,B,
aw_20201124_095320521_mouse_r_00800.png,43,g,B,
aw_20201125_100742524_mouse_l_01802.png,41,h,A,
aw_20201125_100742524_mouse_l_00364.png,41,h,A,
aw_20201125_100742524_mouse_r_04639.png,42,h,A,
aw_20201125_100742524_mouse_r_07675.png,42,h,A,
aw_20201125_102052423_mouse_l_05037.png,43,h,B,
aw_20201125_102052423_mouse_l_00976.png,43,h,B,
aw_20201125_102052423_mouse_r_00893.png,44,h,B,
aw_20201125_102052423_mouse_r_02808.png,44,h,B,
aw_20201126_102249284_mouse_l_00529.png,42,i,A,
aw_20201126_102249284_mouse_l_05416.png,42,i,A,
aw_20201126_102249284_mouse_r_03120.png,41,i,A,
aw_20201126_102249284_mouse_r_00630.png,41,i,A,
aw_20201126_103617591_mouse_l_03996.png,44,i,B,
aw_20201126_103617591_mouse_l_06417.png,44,i,B,
aw_20201126_103617591_mouse_r_05242.png,43,i,B,
aw_20201126_103617591_mouse_r_03717.png,43,i,B,
aw_20210119_105126126_mouse_l_01965.png,67,a,A,
aw_20210119_105126126_mouse_l_04768.png,67,a,A,
aw_20210119_105126126_mouse_r_03831.png,68,a,A,
aw_20210119_105126126_mouse_r_01416.png,68,a,A,
aw_20210119_112627251_mouse_l_00067.png,69,a,B,
aw_20210119_112627251_mouse_l_03612.png,69,a,B,
aw_20210119_112627251_mouse_r_01056.png,70,a,B,
aw_20210119_112627251_mouse_r_06838.png,70,a,B,
aw_20210122_113524858_mouse_l_01966.png,68,a,A,
aw_20210122_113524858_mouse_l_04032.png,68,a,A,
aw_20210122_113524858_mouse_r_07251.png,67,a,A,
aw_20210122_113524858_mouse_r_02103.png,67,a,A,
aw_20210122_114837877_mouse_l_06118.png,70,a,B,
aw_20210122_114837877_mouse_l_04530.png,70,a,B,
aw_20210122_114837877_mouse_r_06050.png,69,a,B,
aw_20210122_114837877_mouse_r_03989.png,69,a,B,
aw_20210126_202644508_mouse_l_03108.png,67,b,A,
aw_20210126_202644508_mouse_l_08318.png,67,b,A,
aw_20210126_202644508_mouse_r_07191.png,68,b,A,
aw_20210126_202644508_mouse_r_07293.png,68,b,A,
aw_20210126_203603187_mouse_l_04570.png,69,b,B,
aw_20210126_203603187_mouse_l_05559.png,69,b,B,
aw_20210126_203603187_mouse_r_01347.png,70,b,B,
aw_20210126_203603187_mouse_r_05413.png,70,b,B,
aw_20210127_084459244_mouse_l_04499.png,68,c,A,
aw_20210127_084459244_mouse_l_04595.png,68,c,A,
aw_20210127_084459244_mouse_r_01533.png,67,c,A,
aw_20210127_084459244_mouse_r_07705.png,67,c,A,
aw_20210127_090556715_mouse_l_03970.png,70,c,B,
aw_20210127_090556715_mouse_l_01884.png,70,c,B,
aw_20210127_090556715_mouse_r_01600.png,69,c,B,
aw_20210127_090556715_mouse_r_07306.png,69,c,B,
aw_20210128_083807772_mouse_l_04083.png,67,d,A,
aw_20210128_083807772_mouse_l_03693.png,67,d,A,
aw_20210128_083807772_mouse_r_02233.png,68,d,A,
aw_20210128_083807772_mouse_r_05077.png,68,d,A,
aw_20210128_085251914_mouse_l_07063.png,69,d,B,
aw_20210128_085251914_mouse_l_07624.png,69,d,B,
aw_20210128_085251914_mouse_r_07324.png,70,d,B,
aw_20210128_085251914_mouse_r_03569.png,70,d,B,
aw_20210129_085017111_mouse_l_02365.png,68,e,A,
aw_20210129_085017111_mouse_l_01396.png,68,e,A,
aw_20210129_085017111_mouse_r_05383.png,67,e,A,
aw_20210129_085017111_mouse_r_03666.png,67,e,A,
aw_20210129_090609784_mouse_l_08331.png,70,e,B,
aw_20210129_090609784_mouse_l_03233.png,70,e,B,
aw_20210129_090609784_mouse_r_01368.png,69,e,B,
aw_20210129_090609784_mouse_r_06757.png,69,e,B,
aw_20210209_231414750_mouse_l_00356.png,67,f,A,
aw_20210209_231414750_mouse_l_07720.png,67,f,A,
aw_20210209_231414750_mouse_r_06773.png,68,f,A,
aw_20210209_231414750_mouse_r_07418.png,68,f,A,
aw_20210209_232558854_mouse_l_05358.png,69,f,B,
aw_20210209_232558854_mouse_l_03663.png,69,f,B,
aw_20210209_232558854_mouse_r_01964.png,70,f,B,
aw_20210209_232558854_mouse_r_04956.png,70,f,B,
aw_20210210_120816846_mouse_l_07708.png,68,g,A,
aw_20210210_120816846_mouse_l_07472.png,68,g,A,
aw_20210210_120816846_mouse_r_07717.png,67,g,A,
aw_20210210_120816846_mouse_r_02763.png,67,g,A,
aw_20210210_122349498_mouse_l_00189.png,70,g,B,
aw_20210210_122349498_mouse_l_03113.png,70,g,B,
aw_20210210_122349498_mouse_r_04539.png,69,g,B,
aw_20210210_122349498_mouse_r_02658.png,69,g,B,
aw_20210211_121459820_mouse_l_03448.png,67,h,A,
aw_20210211_121459820_mouse_l_01790.png,67,h,A,
aw_20210211_121459820_mouse_r_04859.png,68,h,A,
aw_20210211_121459820_mouse_r_02698.png,68,h,A,
aw_20210211_123119140_mouse_l_03867.png,69,h,B,
aw_20210211_123119140_mouse_l_03740.png,69,h,B,
aw_20210211_123119140_mouse_r_08030.png,70,h,B,
aw_20210211_123119140_mouse_r_03987.png,70,h,B,
aw_20210212_121247110_mouse_l_00093.png,68,i,A,
aw_20210212_121247110_mouse_l_04138.png,68,i,A,
aw_20210212_121247110_mouse_r_00093.png,67,i,A,
aw_20210212_121247110_mouse_r_00903.png,67,i,A,
aw_20210212_122922156_mouse_l_04256.png,70,i,B,
aw_20210212_122922156_mouse_l_04797.png,70,i,B,
aw_20210212_122922156_mouse_r_00527.png,69,i,B,
aw_20210212_122922156_mouse_r_00620.png,69,i,B,
jw_20211103_070419790_02710.png,201,a,,
jw_20211103_070419790_03304.png,201,a,,
jw_20211103_100345004_05967.png,201,b,,
jw_20211103_132836258_01723.png,201,c,,
jw_20211103_132836258_10049.png,201,c,,
jw_20211104_091802077_10391.png,201,d,,
jw_20211104_091802077_02193.png,201,d,,
jw_20211107_085213746_01443.png,201,e,,
jw_20211107_085213746_08100.png,201,f,,
jw_20211110_071115192_06480.png,201,g,,
jw_20211110_071115192_00211.png,201,g,,
jw_20211103_070419790_01798.png,202,a,,
jw_20211103_070419790_02311.png,202,a,,
jw_20211103_100345004_13892.png,202,b,,
jw_20211103_100345004_14829.png,202,b,,
jw_20211103_132836258_01646.png,202,c,,
jw_20211103_132836258_01222.png,202,c,,
jw_20211104_091802077_05341.png,202,d,,
jw_20211107_085213746_02395.png,202,e,,
jw_20211107_085213746_02067.png,202,e,,
jw_20211107_085213746_08615.png,202,f,,
jw_20211107_085213746_03273.png,202,f,,
jw_20211110_071115192_03261.png,202,g,,
jw_20211110_071115192_03104.png,202,g,,
jw_20211103_070419790_04049.png,203,a,,
jw_20211103_070419790_02976.png,203,a,,
jw_20211103_100345004_03444.png,203,b,,
jw_20211103_100345004_03268.png,203,b,,
jw_20211103_132836258_02492.png,203,c,,
jw_20211103_132836258_04486.png,203,c,,
jw_20211104_091802077_00662.png,203,d,,
jw_20211104_091802077_03900.png,203,d,,
jw_20211107_085213746_04944.png,203,e,,
jw_20211107_085213746_03030.png,203,e,,
jw_20211107_085213746_04689.png,203,f,,
jw_20211110_071115192_06329.png,203,g,,
jw_20211110_071115192_05979.png,203,g,,
jw_20211103_070419790_01494.png,204,a,,
jw_20211103_070419790_01083.png,204,a,,
jw_20211103_100345004_11304.png,204,b,,
jw_20211103_100345004_13005.png,204,b,,
jw_20211103_132836258_03384.png,204,c,,
jw_20211103_132836258_02573.png,204,c,,
jw_20211104_091802077_00355.png,204,d,,
jw_20211104_091802077_01683.png,204,d,,
jw_20211107_085213746_02432.png,204,e,,
jw_20211107_085213746_02847.png,204,e,,
jw_20211107_085213746_07613.png,204,f,,
jw_20211107_085213746_08395.png,204,f,,
jw_20211110_071115192_02097.png,204,g,,
jw_20211110_071115192_02007.png,204,g,,
jw_20211103_070419790_00445.png,205,a,,
jw_20211103_070419790_05805.png,205,a,,
jw_20211103_100345004_05468.png,205,b,,
jw_20211103_100345004_11772.png,205,b,,
jw_20211103_132836258_05160.png,205,c,,
jw_20211103_132836258_03636.png,205,c,,
jw_20211104_101243597_02953.png,205,d,,
jw_20211104_101243597_06842.png,205,d,,
jw_20211107_085213746_00222.png,205,e,,
jw_20211107_085213746_00709.png,205,f,,
jw_20211107_085213746_00811.png,205,f,,
jw_20211107_085213746_00376.png,205,f,,
jw_20211110_071115192_02833.png,205,g,,
jw_20211110_071115192_02730.png,205,g,,
jw_20211103_070419790_02798.png,206,a,,
jw_20211103_070419790_10734.png,206,a,,
jw_20211103_100345004_08446.png,206,b,,
jw_20211103_100345004_01702.png,206,b,,
jw_20211103_132836258_02948.png,206,c,,
jw_20211103_132836258_05123.png,206,c,,
jw_20211104_101243597_04144.png,206,d,,
jw_20211104_101243597_04989.png,206,d,,
jw_20211107_085213746_06437.png,206,e,,
jw_20211107_085213746_00765.png,206,e,,
jw_20211107_085213746_00075.png,206,f,,
jw_20211107_085213746_08955.png,206,f,,
jw_20211110_071115192_00751.png,206,g,,
jw_20211110_071115192_01896.png,206,g,,
jw_20211103_070419790_01047.png,207,a,,
jw_20211103_100345004_03359.png,207,b,,
jw_20211103_100345004_03640.png,207,b,,
jw_20211103_132836258_10892.png,207,c,,
jw_20211103_132836258_00524.png,207,c,,
jw_20211104_101243597_07182.png,207,d,,
jw_20211107_085213746_00079.png,207,e,,
jw_20211107_085213746_03691.png,207,e,,
jw_20211107_085213746_00433.png,207,f,,
jw_20211107_085213746_00038.png,207,f,,
jw_20211110_071115192_00344.png,207,g,,
jw_20211110_071115192_01690.png,207,g,,
jw_20211103_070419790_08968.png,208,a,,
jw_20211103_070419790_08671.png,208,a,,
jw_20211103_100345004_01117.png,208,b,,
jw_20211103_100345004_08586.png,208,b,,
jw_20211103_132836258_00391.png,208,c,,
jw_20211103_132836258_03774.png,208,c,,
jw_20211104_101243597_01533.png,208,d,,
jw_20211104_101243597_09346.png,208,d,,
jw_20211107_085213746_03286.png,208,e,,
jw_20211107_085213746_00036.png,208,e,,
jw_20211107_085213746_01661.png,208,f,,
jw_20211107_085213746_05472.png,208,f,,
jw_20211110_071115192_00871.png,208,g,,
jw_20211110_071115192_01124.png,208,g,,
jw_20211103_070419790_00218.png,209,a,,
jw_20211103_070419790_02115.png,209,a,,
jw_20211103_100345004_03815.png,209,b,,
jw_20211103_100345004_03575.png,209,b,,
jw_20211103_145130312_00933.png,209,c,,
jw_20211103_145130312_03198.png,209,c,,
jw_20211104_103423371_04546.png,209,d,,
jw_20211104_103423371_04060.png,209,d,,
jw_20211107_085213746_02600.png,209,e,,
jw_20211107_085213746_00772.png,209,e,,
jw_20211107_085213746_04239.png,209,f,,
jw_20211107_085213746_02744.png,209,f,,
jw_20211110_071115192_01248.png,209,g,,
jw_20211110_071115192_02314.png,209,g,,
jw_20211103_070419790_02337.png,210,a,,
jw_20211103_070419790_01869.png,210,a,,
jw_20211103_100345004_07048.png,210,b,,
jw_20211103_100345004_02538.png,210,b,,
jw_20211103_145130312_01555.png,210,c,,
jw_20211103_145130312_02353.png,210,c,,
jw_20211104_103423371_00895.png,210,d,,
jw_20211104_103423371_00772.png,210,d,,
jw_20211107_085213746_01560.png,210,e,,
jw_20211107_085213746_08030.png,210,f,,
jw_20211107_085213746_06524.png,210,f,,
jw_20211110_071115192_01151.png,210,g,,
jw_20211110_071115192_03301.png,210,g,,
jw_20211103_070419790_12291.png,211,a,,
jw_20211103_070419790_13704.png,211,a,,
jw_20211103_100345004_18504.png,211,b,,
jw_20211103_100345004_18298.png,211,b,,
jw_20211103_145130312_09756.png,211,c,,
jw_20211103_145130312_13716.png,211,c,,
jw_20211104_103423371_00555.png,211,d,,
jw_20211104_103423371_06845.png,211,d,,
jw_20211107_085213746_00986.png,211,e,,
jw_20211107_085213746_00319.png,211,e,,
jw_20211107_085213746_01057.png,211,f,,
jw_20211107_085213746_01681.png,211,f,,
jw_20211110_071115192_03007.png,211,g,,
jw_20211103_070419790_02747.png,212,a,,
jw_20211103_070419790_02095.png,212,a,,
jw_20211103_100345004_04745.png,212,b,,
jw_20211103_100345004_04063.png,212,b,,
jw_20211103_145130312_06724.png,212,c,,
jw_20211104_103423371_01453.png,212,d,,
jw_20211104_103423371_02020.png,212,d,,
jw_20211107_085213746_04047.png,212,e,,
jw_20211107_085213746_00443.png,212,e,,
jw_20211107_085213746_02912.png,212,f,,
jw_20211107_085213746_00484.png,212,f,,
jw_20211110_071115192_03209.png,212,g,,
jw_20211110_071115192_00418.png,212,g,,
jw_20211103_070419790_07426.png,213,a,,
jw_20211103_070419790_10092.png,213,a,,
jw_20211103_100345004_05160.png,213,b,,
jw_20211103_100345004_01078.png,213,b,,
jw_20211103_145130312_01328.png,213,c,,
jw_20211103_145130312_07506.png,213,c,,
jw_20211104_105231963_03279.png,213,d,,
jw_20211104_105231963_02403.png,213,d,,
jw_20211107_085213746_03278.png,213,e,,
jw_20211107_085213746_02165.png,213,e,,
jw_20211107_085213746_01752.png,213,f,,
jw_20211107_085213746_00833.png,213,f,,
jw_20211110_071115192_02305.png,213,g,,
jw_20211110_071115192_00264.png,213,g,,
jw_20211103_070419790_11052.png,214,a,,
jw_20211103_070419790_09102.png,214,a,,
jw_20211103_100345004_01062.png,214,b,,
jw_20211103_100345004_00699.png,214,b,,
jw_20211103_145130312_02899.png,214,c,,
jw_20211103_145130312_05508.png,214,c,,
jw_20211104_105231963_00959.png,214,d,,
jw_20211107_085213746_00941.png,214,e,,
jw_20211107_085213746_00483.png,214,e,,
jw_20211107_085213746_02702.png,214,f,,
jw_20211107_085213746_02047.png,214,f,,
jw_20211110_071115192_00860.png,214,g,,
jw_20211110_071115192_01376.png,214,g,,
jw_20211103_070419790_06893.png,215,a,,
jw_20211103_070419790_06747.png,215,a,,
jw_20211103_100345004_06337.png,215,b,,
jw_20211103_100345004_10147.png,215,b,,
jw_20211103_145130312_02322.png,215,c,,
jw_20211103_145130312_03801.png,215,c,,
jw_20211104_105231963_02015.png,215,d,,
jw_20211104_105231963_02115.png,215,d,,
jw_20211107_085213746_00340.png,215,e,,
jw_20211107_085213746_01507.png,215,e,,
jw_20211107_085213746_07622.png,215,f,,
jw_20211107_085213746_03420.png,215,f,,
jw_20211110_071115192_00410.png,215,g,,
jw_20211110_071115192_01958.png,215,g,,
jw_20211103_070419790_09587.png,216,a,,
jw_20211103_070419790_09005.png,216,a,,
jw_20211103_100345004_02154.png,216,b,,
jw_20211103_100345004_01396.png,216,b,,
jw_20211103_145130312_05028.png,216,c,,
jw_20211103_145130312_01251.png,216,c,,
jw_20211104_105231963_03104.png,216,d,,
jw_20211104_105231963_03804.png,216,d,,
jw_20211107_085213746_00203.png,216,e,,
jw_20211107_085213746_00558.png,216,e,,
jw_20211107_085213746_02421.png,216,f,,
jw_20211107_085213746_01397.png,216,f,,
jw_20211110_071115192_04371.png,216,g,,
jw_20211110_071115192_01502.png,216,g,,
jw_20210503_072931698_00184.png,101,a,,
jw_20210503_072931698_00348.png,101,a,,
jw_20210503_100507957_06461.png,101,b,,
jw_20210503_100507957_06655.png,101,b,,
jw_20210503_133441255_00688.png,101,c,,
jw_20210503_133441255_00803.png,101,c,,
jw_20210504_092024637_01017.png,101,d,,
jw_20210504_092024637_01962.png,101,d,,
jw_20210507_092114543_00664.png,101,e,,
jw_20210507_092114543_01922.png,101,e,,
jw_20210507_092114543_00186.png,101,f,,
jw_20210507_092114543_05088.png,101,f,,
jw_20210510_071125356_02984.png,101,g,,
jw_20210510_071125356_00673.png,101,g,,
jw_20210503_073125180_00558.png,102,a,,
jw_20210503_073125180_00439.png,102,a,,
jw_20210503_092841299_03848.png,102,b,,
jw_20210503_092841299_05001.png,102,b,,
jw_20210503_125705562_00529.png,102,c,,
jw_20210503_125705562_00149.png,102,c,,
jw_20210504_091756373_01176.png,102,d,,
jw_20210504_091756373_00983.png,102,d,,
jw_20210507_092114543_00715.png,102,e,,
jw_20210507_092114543_01683.png,102,e,,
jw_20210507_092114543_01667.png,102,f,,
jw_20210507_092114543_07132.png,102,f,,
jw_20210510_071346344_11883.png,102,g,,
jw_20210510_071346344_02414.png,102,g,,
jw_20210503_073722518_01035.png,103,a,,
jw_20210503_073722518_00137.png,103,a,,
jw_20210503_093408920_03734.png,103,b,,
jw_20210503_093408920_04643.png,103,b,,
jw_20210503_130302920_00448.png,103,c,,
jw_20210503_130302920_00027.png,103,c,,
jw_20210504_091756373_01562.png,103,d,,
jw_20210504_091756373_00640.png,103,d,,
jw_20210507_092114543_01083.png,103,e,,
jw_20210507_092114543_01706.png,103,e,,
jw_20210507_092114543_02127.png,103,f,,
jw_20210507_092114543_02288.png,103,f,,
jw_20210510_071912858_00940.png,103,g,,
jw_20210510_071912858_04123.png,103,g,,
jw_20210503_074040661_01201.png,104,a,,
jw_20210503_074040661_01719.png,104,a,,
jw_20210503_103056882_02336.png,104,b,,
jw_20210503_103056882_02121.png,104,b,,
jw_20210503_133441255_00140.png,104,c,,
jw_20210503_133441255_01509.png,104,c,,
jw_20210504_095721082_01284.png,104,d,,
jw_20210504_095721082_07289.png,104,d,,
jw_20210507_092114543_00883.png,104,e,,
jw_20210507_092114543_02714.png,104,e,,
jw_20210507_092114543_01168.png,104,f,,
jw_20210507_092114543_00356.png,104,f,,
jw_20210510_072355332_01487.png,104,g,,
jw_20210510_072355332_01196.png,104,g,,
jw_20210503_074040661_00306.png,105,a,,
jw_20210503_074040661_00414.png,105,a,,
jw_20210503_103056882_03943.png,105,b,,
jw_20210503_103056882_01627.png,105,b,,
jw_20210503_135533690_01382.png,105,c,,
jw_20210503_135533690_00318.png,105,c,,
jw_20210504_095721082_03418.png,105,d,,
jw_20210504_095721082_03670.png,105,d,,
jw_20210507_092114543_02744.png,105,e,,
jw_20210507_092114543_00802.png,105,e,,
jw_20210507_092114543_10639.png,105,f,,
jw_20210507_092114543_07718.png,105,f,,
jw_20210510_072355332_02559.png,105,g,,
jw_20210510_072355332_01669.png,105,g,,
jw_20210503_074040661_00545.png,106,a,,
jw_20210503_074040661_01237.png,106,a,,
jw_20210503_103056882_02008.png,106,b,,
jw_20210503_103056882_01605.png,106,b,,
jw_20210503_135533690_00904.png,106,c,,
jw_20210503_135533690_01006.png,106,c,,
jw_20210504_095721082_01814.png,106,d,,
jw_20210504_095721082_02570.png,106,d,,
jw_20210507_092114543_03051.png,106,e,,
jw_20210507_092114543_00947.png,106,e,,
jw_20210507_092114543_04219.png,106,f,,
jw_20210507_092114543_07435.png,106,f,,
jw_20210510_072355332_12080.png,106,g,,
jw_20210510_072355332_07058.png,106,g,,
jw_20210503_074040661_00884.png,107,a,,
jw_20210503_074040661_01022.png,107,a,,
jw_20210503_104145942_03025.png,107,b,,
jw_20210503_104145942_07015.png,107,b,,
jw_20210503_140836682_01713.png,107,c,,
jw_20210503_140836682_01108.png,107,c,,
jw_20210504_101507770_02417.png,107,d,,
jw_20210504_101507770_03309.png,107,d,,
jw_20210507_092114543_02805.png,107,e,,
jw_20210507_092114543_04590.png,107,e,,
jw_20210507_092114543_03484.png,107,f,,
jw_20210507_092114543_05032.png,107,f,,
jw_20210510_073552267_01738.png,107,g,,
jw_20210510_073552267_01628.png,107,g,,
jw_20210510_073552267_01229.png,107,g,,
jw_20210503_074040661_00615.png,108,a,,
jw_20210503_074040661_00762.png,108,a,,
jw_20210503_104145942_15065.png,108,b,,
jw_20210503_104145942_01041.png,108,b,,
jw_20210503_140836682_01822.png,108,c,,
jw_20210503_140836682_00919.png,108,c,,
jw_20210504_101944046_00607.png,108,d,,
jw_20210504_101944046_02416.png,108,d,,
jw_20210507_092114543_00826.png,108,e,,
jw_20210507_092114543_01326.png,108,e,,
jw_20210507_092114543_02742.png,108,f,,
jw_20210507_092114543_06285.png,108,f,,
jw_20210510_073552267_01503.png,108,g,,
jw_20210510_073552267_02204.png,108,g,,
jw_20210503_074040661_01302.png,109,a,,
jw_20210503_074040661_02307.png,109,a,,
jw_20210503_104145942_14718.png,109,b,,
jw_20210503_104145942_14630.png,109,b,,
jw_20210503_142110459_02057.png,109,c,,
jw_20210503_142110459_02892.png,109,c,,
jw_20210504_101944046_01888.png,109,d,,
jw_20210504_101944046_02452.png,109,d,,
jw_20210507_092114543_00668.png,109,e,,
jw_20210507_092114543_01528.png,109,e,,
jw_20210507_092114543_11426.png,109,f,,
jw_20210507_092114543_11735.png,109,f,,
jw_20210510_073552267_01093.png,109,g,,
jw_20210503_074040661_01263.png,110,a,,
jw_20210503_074040661_00870.png,110,a,,
jw_20210503_110930609_00886.png,110,b,,
jw_20210503_110930609_01943.png,110,b,,
jw_20210503_143601716_00605.png,110,c,,
jw_20210503_143601716_00529.png,110,c,,
jw_20210504_104610776_01751.png,110,d,,
jw_20210504_104610776_05019.png,110,d,,
jw_20210507_092114543_04849.png,110,e,,
jw_20210507_092114543_01171.png,110,e,,
jw_20210507_092114543_04634.png,110,f,,
jw_20210507_092114543_05281.png,110,f,,
jw_20210510_074512990_01562.png,110,g,,
jw_20210510_074512990_01007.png,110,g,,
jw_20210503_075456209_01191.png,111,a,,
jw_20210503_075456209_04065.png,111,a,,
jw_20210503_110930609_01917.png,111,b,,
jw_20210503_110930609_02792.png,111,b,,
jw_20210503_144324376_01947.png,111,c,,
jw_20210503_144324376_03033.png,111,c,,
jw_20210504_104913611_02387.png,111,d,,
jw_20210507_092114543_02952.png,111,e,,
jw_20210507_092114543_02266.png,111,e,,
jw_20210507_092114543_02696.png,111,f,,
jw_20210507_092114543_05331.png,111,f,,
jw_20210510_074512990_00870.png,111,g,,
jw_20210510_074512990_00780.png,111,g,,
jw_20210503_075456209_01386.png,112,a,,
jw_20210503_075456209_01105.png,112,a,,
jw_20210503_110930609_01890.png,112,b,,
jw_20210503_110930609_03736.png,112,b,,
jw_20210503_144324376_01020.png,112,c,,
jw_20210503_144324376_01255.png,112,c,,
jw_20210504_105122355_03738.png,112,d,,
jw_20210504_105122355_03586.png,112,d,,
jw_20210507_092114543_00332.png,112,e,,
jw_20210507_092114543_02047.png,112,e,,
jw_20210507_092114543_08649.png,112,f,,
jw_20210507_092114543_06762.png,112,f,,
jw_20210510_074512990_06823.png,112,g,,
jw_20210510_074512990_06228.png,112,g,,
jw_20210504_065313339_01568.png,113,a,,
jw_20210504_065313339_00937.png,113,a,,
jw_20210504_085404444_09027.png,113,b,,
jw_20210504_085404444_07651.png,113,b,,
jw_20210504_122405125_01598.png,113,c,,
jw_20210504_122405125_00731.png,113,c,,
jw_20210505_082509362_14389.png,113,d,,
jw_20210505_082509362_14575.png,113,d,,
jw_20210508_094358377_01818.png,113,e,,
jw_20210508_094358377_01251.png,113,e,,
jw_20210508_094358377_04685.png,113,f,,
jw_20210508_094358377_05205.png,113,f,,
jw_20210511_070811506_01845.png,113,g,,
jw_20210511_070811506_01484.png,113,g,,
jw_20210504_065313339_01467.png,114,a,,
jw_20210504_065313339_00434.png,114,a,,
jw_20210504_085404444_00612.png,114,b,,
jw_20210504_085404444_04216.png,114,b,,
jw_20210504_123051277_00807.png,114,c,,
jw_20210504_123051277_01640.png,114,c,,
jw_20210505_083236541_00711.png,114,d,,
jw_20210505_083236541_01504.png,114,d,,
jw_20210508_094358377_01224.png,114,f,,
jw_20210508_094358377_01000.png,114,f,,
jw_20210511_070811506_02356.png,114,g,,
jw_20210511_070811506_01920.png,114,g,,
jw_20210504_065313339_00864.png,115,a,,
jw_20210504_065313339_02292.png,115,a,,
jw_20210504_090355103_17548.png,115,b,,
jw_20210504_090355103_17754.png,115,b,,
jw_20210504_124114542_00877.png,115,c,,
jw_20210504_124114542_00960.png,115,c,,
jw_20210505_084028944_01699.png,115,d,,
jw_20210505_084028944_02224.png,115,d,,
jw_20210508_094358377_00875.png,115,e,,
jw_20210508_094358377_00962.png,115,e,,
jw_20210508_094358377_05821.png,115,f,,
jw_20210508_094358377_10563.png,115,f,,
jw_20210511_070811506_03014.png,115,g,,
jw_20210511_070811506_00781.png,115,g,,
jw_20210504_065831336_00390.png,116,a,,
jw_20210504_065831336_01532.png,116,a,,
jw_20210504_093220420_01037.png,116,b,,
jw_20210504_093220420_01903.png,116,b,,
jw_20210504_125642852_00738.png,116,c,,
jw_20210504_125642852_01256.png,116,c,,
jw_20210505_085905558_01613.png,116,d,,
jw_20210505_085905558_05127.png,116,d,,
jw_20210508_094358377_01600.png,116,e,,
jw_20210508_094358377_00315.png,116,e,,
jw_20210508_094358377_03706.png,116,f,,
jw_20210508_094358377_03312.png,116,f,,
jw_20210511_071721863_01306.png,116,g,,
jw_20210511_071721863_01134.png,116,g,,
jw_20210504_065831336_00483.png,117,a,,
jw_20210504_065831336_00833.png,117,a,,
jw_20210504_093220420_01198.png,117,b,,
jw_20210504_093220420_00700.png,117,b,,
jw_20210504_125642852_01273.png,117,c,,
jw_20210504_125642852_01466.png,117,c,,
jw_20210505_090225528_01530.png,117,d,,
jw_20210505_090225528_01816.png,117,d,,
jw_20210508_094358377_02374.png,117,e,,
jw_20210508_094358377_02648.png,117,e,,
jw_20210508_094358377_10915.png,117,f,,
jw_20210508_094358377_04123.png,117,f,,
jw_20210511_071721863_01836.png,117,g,,
jw_20210511_071721863_02753.png,117,g,,
jw_20210504_065831336_01070.png,118,a,,
jw_20210504_065831336_01521.png,118,a,,
jw_20210504_093220420_02661.png,118,b,,
jw_20210504_093220420_02463.png,118,b,,
jw_20210504_130247578_00704.png,118,c,,
jw_20210504_130247578_00857.png,118,c,,
jw_20210505_090529905_01651.png,118,d,,
jw_20210505_090529905_05123.png,118,d,,
jw_20210508_094358377_01902.png,118,e,,
jw_20210508_094358377_05035.png,118,e,,
jw_20210508_094358377_00770.png,118,f,,
jw_20210508_094358377_02392.png,118,f,,
jw_20210511_071721863_03395.png,118,g,,
jw_20210511_071721863_05554.png,118,g,,
jw_20210504_070411331_01250.png,119,a,,
jw_20210504_070411331_00614.png,119,a,,
jw_20210504_095407377_03068.png,119,b,,
jw_20210504_095407377_02784.png,119,b,,
jw_20210504_132543653_00627.png,119,c,,
jw_20210504_132543653_00369.png,119,c,,
jw_20210505_092429495_04196.png,119,d,,
jw_20210505_092429495_05544.png,119,d,,
jw_20210508_094358377_00452.png,119,e,,
jw_20210508_094358377_00372.png,119,e,,
jw_20210508_094358377_07574.png,119,f,,
jw_20210508_094358377_05900.png,119,f,,
jw_20210511_072647698_04284.png,119,g,,
jw_20210511_072647698_03924.png,119,g,,
jw_20210504_070411331_02188.png,120,a,,
jw_20210504_070411331_02451.png,120,a,,
jw_20210504_100544873_01372.png,120,b,,
jw_20210504_100544873_01590.png,120,b,,
jw_20210504_133136967_00605.png,120,c,,
jw_20210504_133136967_02040.png,120,c,,
jw_20210505_093110111_02105.png,120,d,,
jw_20210505_093110111_00917.png,120,d,,
jw_20210508_094358377_01119.png,120,e,,
jw_20210508_094358377_03049.png,120,e,,
jw_20210508_094358377_02983.png,120,f,,
jw_20210508_094358377_02682.png,120,f,,
jw_20210511_072647698_01328.png,120,g,,
jw_20210511_072647698_02930.png,120,g,,
jw_20210504_070411331_01967.png,121,a,,
jw_20210504_070411331_01282.png,121,a,,
jw_20210504_100544873_02199.png,121,b,,
jw_20210504_100544873_01163.png,121,b,,
jw_20210504_133136967_00260.png,121,c,,
jw_20210504_133136967_01392.png,121,c,,
jw_20210505_093326183_01686.png,121,d,,
jw_20210505_093326183_00912.png,121,d,,
jw_20210508_094358377_04402.png,121,e,,
jw_20210508_094358377_03840.png,121,e,,
jw_20210508_094358377_01480.png,121,f,,
jw_20210508_094358377_04270.png,121,f,,
jw_20210511_072647698_02577.png,121,g,,
jw_20210511_072647698_05094.png,121,g,,
jw_20210504_071029461_00936.png,122,a,,
jw_20210504_071029461_01533.png,122,a,,
jw_20210504_102730151_02018.png,122,b,,
jw_20210504_102730151_13765.png,122,b,,
jw_20210504_134953777_00619.png,122,c,,
jw_20210504_134953777_00753.png,122,c,,
jw_20210505_095258408_01694.png,122,d,,
jw_20210505_095258408_01375.png,122,d,,
jw_20210508_094358377_00220.png,122,e,,
jw_20210508_094358377_01860.png,122,e,,
jw_20210508_094358377_00253.png,122,f,,
jw_20210508_094358377_02384.png,122,f,,
jw_20210511_073720013_01076.png,122,g,,
jw_20210511_073720013_02692.png,122,g,,
jw_20210504_071029461_01378.png,123,a,,
jw_20210504_071029461_01251.png,123,a,,
jw_20210504_102730151_05826.png,123,b,,
jw_20210504_102730151_03251.png,123,b,,
jw_20210504_134953777_00837.png,123,c,,
jw_20210504_134953777_00685.png,123,c,,
jw_20210505_094954905_04802.png,123,d,,
jw_20210505_094954905_03968.png,123,d,,
jw_20210508_094358377_02534.png,123,e,,
jw_20210508_094358377_00509.png,123,e,,
jw_20210508_094358377_04407.png,123,f,,
jw_20210508_094358377_07221.png,123,f,,
jw_20210511_073720013_07754.png,123,g,,
jw_20210511_073720013_00965.png,123,g,,
jw_20210504_071029461_01454.png,124,a,,
jw_20210504_071029461_00518.png,124,a,,
jw_20210504_102730151_00968.png,124,b,,
jw_20210504_102730151_00884.png,124,b,,
jw_20210504_135745563_01757.png,124,c,,
jw_20210504_135745563_00944.png,124,c,,
jw_20210505_095704014_01735.png,124,d,,
jw_20210505_095704014_00464.png,124,d,,
jw_20210508_094358377_01651.png,124,e,,
jw_20210508_094358377_00330.png,124,e,,
jw_20210508_094358377_05311.png,124,f,,
jw_20210508_094358377_06789.png,124,f,,
jw_20210511_073720013_10309.png,124,g,,
jw_20210511_073720013_22210.png,124,g,,
mr_DSC_4739.JPG,11,e,,
mr_DSC_4129.JPG,11,d,,
mr_DSC_3667.JPG,7,d,,
mr_DSC_4678.JPG,4,e,,
mr_DSC_4818.JPG,6,f,,
mr_DSC_2024.JPG,1,a,,
mr_DSC_4846.JPG,6,f,,
mr_DSC_5084.JPG,9,f,,
mr_DSC_3047.JPG,5,b,,
mr_DSC_2268.JPG,5,a,,
mr_DSC_5227.JPG,1,f,,
mr_DSC_2671.JPG,8,b,,
mr_DSC_2438.JPG,12,a,,
mr_DSC_4920.JPG,8,f,,
mr_DSC_2710.JPG,12,b,,
mr_DSC_4769.JPG,11,e,,
mr_DSC_5367.JPG,4,f,,
mr_DSC_2845.JPG,10,b,,
mr_DSC_3947.JPG,3,d,,
mr_DSC_3725.JPG,8,d,,
mr_DSC_2697.JPG,12,b,,
mr_DSC_3783.JPG,1,d,,
mr_DSC_2961.JPG,3,b,,
mr_DSC_3607.JPG,11,c,,
mr_DSC_5199.JPG,1,f,,
mr_DSC_2401.JPG,8,a,,
mr_DSC_3034.JPG,5,b,,
mr_DSC_2488.JPG,9,a,,
mr_DSC_4742.JPG,11,e,,
mr_DSC_3129.JPG,6,c,,
mr_DSC_3113.JPG,6,c,,
mr_DSC_4810.JPG,6,f,,
mr_DSC_2507.JPG,10,a,,
mr_DSC_3363.JPG,2,c,,
mr_DSC_4589.JPG,10,e,,
mr_DSC_5004.JPG,12,f,,
mr_DSC_4498.JPG,9,e,,
mr_DSC_4912.JPG,7,f,,
mr_DSC_2848.JPG,10,b,,
mr_DSC_2350.JPG,7,a,,
mr_DSC_3041.JPG,5,b,,
mr_DSC_2408.JPG,8,a,,
mr_DSC_2939.JPG,3,b,,
mr_DSC_4939.JPG,8,f,,
mr_DSC_4950.JPG,8,f,,
mr_DSC_2260.JPG,5,a,,
mr_DSC_2306.JPG,6,a,,
mr_DSC_2754.JPG,1,b,,
mr_DSC_5399.JPG,5,f,,
mr_DSC_3941.JPG,3,d,,
mr_DSC_4510.JPG,9,e,,
mr_DSC_2316.JPG,6,a,,
mr_DSC_5240.JPG,2,f,,
mr_DSC_4360.JPG,12,e,,
mr_DSC_3420.JPG,12,c,,
mr_DSC_2474.JPG,9,a,,
mr_DSC_3220.JPG,8,c,,
mr_DSC_2924.JPG,3,b,,
mr_DSC_4056.JPG,5,d,,
mr_DSC_3989.JPG,3,d,,
mr_DSC_4083.JPG,5,d,,
mr_DSC_2386.JPG,8,a,,
mr_DSC_4731.JPG,5,e,,
mr_DSC_2140.JPG,4,a,,
mr_DSC_2990.JPG,4,b,,
mr_DSC_3921.JPG,10,d,,
mr_DSC_2828.JPG,10,b,,
mr_DSC_3758.JPG,12,d,,
mr_DSC_3550.JPG,4,c,,
mr_DSC_4416.JPG,1,e,,
mr_DSC_2798.JPG,2,b,,
mr_DSC_4555.JPG,10,e,,
mr_DSC_2782.JPG,2,b,,
mr_DSC_5456.JPG,11,f,,
mr_DSC_2674.JPG,8,b,,
mr_DSC_5070.JPG,9,f,,
mr_DSC_5176.JPG,1,f,,
mr_DSC_4693.JPG,5,e,,
mr_DSC_3488.JPG,3,c,,
mr_DSC_2200.JPG,11,a,,
mr_DSC_2454.JPG,12,a,,
mr_DSC_3148.JPG,7,c,,
mr_DSC_4668.JPG,4,e,,
mr_DSC_2751.JPG,1,b,,
mr_DSC_4722.JPG,5,e,,
mr_DSC_4614.JPG,3,e,,
mr_DSC_3766.JPG,12,d,,
mr_DSC_4425.JPG,2,e,,
mr_DSC_2894.JPG,9,b,,
mr_DSC_2539.JPG,10,a,,
mr_DSC_4020.JPG,4,d,,
mr_DSC_2329.JPG,7,a,,
mr_DSC_2118.JPG,3,a,,
mr_DSC_2201.JPG,11,a,,
mr_DSC_3101.JPG,6,c,,
mr_DSC_3307.JPG,1,c,,
mr_DSC_3541.JPG,4,c,,
mr_DSC_5133.JPG,10,f,,
mr_DSC_2780.JPG,2,b,,
mr_DSC_3482.JPG,3,c,,
mr_DSC_4568.JPG,10,e,,
mr_DSC_3909.JPG,10,d,,
mr_DSC_4784.JPG,11,e,,
mr_DSC_3905.JPG,10,d,,
mr_DSC_3772.JPG,1,d,,
mr_DSC_4442.JPG,2,e,,
mr_DSC_3370.JPG,12,c,,
mr_DSC_2784.JPG,2,b,,
mr_DSC_4180.JPG,11,d,,
mr_DSC_4022.JPG,4,d,,
mr_DSC_2425.JPG,12,a,,
mr_DSC_4041.JPG,5,d,,
mr_DSC_5208.JPG,1,f,,
mr_DSC_2100.JPG,3,a,,
mr_DSC_3604.JPG,11,c,,
mr_DSC_4752.JPG,11,e,,
mr_DSC_3718.JPG,8,d,,
mr_DSC_4856.JPG,7,f,,
mr_DSC_3654.JPG,6,d,,
mr_DSC_4267.JPG,7,e,,
mr_DSC_3694.JPG,7,d,,
mr_DSC_1990.JPG,1,a,,
mr_DSC_2157.JPG,4,a,,
mr_DSC_5374.JPG,4,f,,
mr_DSC_3418.JPG,12,c,,
mr_DSC_3855.JPG,9,d,,
mr_DSC_4486.JPG,9,e,,
mr_DSC_2018.JPG,1,a,,
mr_DSC_4808.JPG,6,f,,
mr_DSC_2451.JPG,12,a,,
mr_DSC_5366.JPG,4,f,,
mr_DSC_3589.JPG,5,c,,
mr_DSC_3811.JPG,2,d,,
mr_DSC_2927.JPG,3,b,,
mr_DSC_2389.JPG,8,a,,
mr_DSC_2922.JPG,3,b,,
mr_DSC_2265.JPG,5,a,,
mr_DSC_4045.JPG,5,d,,
mr_DSC_5111.JPG,10,f,,
mr_DSC_3837.JPG,2,d,,
mr_DSC_4820.JPG,6,f,,
mr_DSC_2470.JPG,9,a,,
mr_DSC_4357.JPG,12,e,,
mr_DSC_2048.JPG,2,a,,
mr_DSC_3752.JPG,12,d,,
mr_DSC_2107.JPG,3,a,,
mr_DSC_2034.JPG,2,a,,
mr_DSC_2906.JPG,3,b,,
mr_DSC_3520.JPG,4,c,,
mr_DSC_3365.JPG,2,c,,
mr_DSC_4403.JPG,1,e,,
mr_DSC_4224.JPG,6,e,,
mr_DSC_3478.JPG,3,c,,
mr_DSC_2253.JPG,5,a,,
mr_DSC_2745.JPG,1,b,,
mr_DSC_2579.JPG,6,b,,
mr_DSC_3553.JPG,5,c,,
mr_DSC_5369.JPG,4,f,,
mr_DSC_4760.JPG,11,e,,
mr_DSC_2835.JPG,10,b,,
mr_DSC_2162.JPG,4,a,,
mr_DSC_4576.JPG,10,e,,
mr_DSC_4842.JPG,6,f,,
mr_DSC_4586.JPG,10,e,,
mr_DSC_2587.JPG,6,b,,
mr_DSC_3617.JPG,11,c,,
mr_DSC_4013.JPG,4,d,,
mr_DSC_2981.JPG,4,b,,
mr_DSC_4628.JPG,3,e,,
mr_DSC_2328.JPG,7,a,,
mr_DSC_5329.JPG,3,f,,
mr_DSC_2449.JPG,12,a,,
mr_DSC_3081.JPG,11,b,,
mr_DSC_2628.JPG,7,b,,
mr_DSC_3000.JPG,4,b,,
mr_DSC_5256.JPG,2,f,,
mr_DSC_2067.JPG,2,a,,
mr_DSC_4924.JPG,8,f,,
mr_DSC_4351.JPG,12,e,,
mr_DSC_3372.JPG,12,c,,
mr_DSC_5316.JPG,3,f,,
mr_DSC_4934.JPG,8,f,,
mr_DSC_3949.JPG,3,d,,
mr_DSC_5478.JPG,11,f,,
mr_DSC_2305.JPG,6,a,,
mr_DSC_3754.JPG,12,d,,
mr_DSC_5308.JPG,3,f,,
mr_DSC_3629.JPG,11,c,,
mr_DSC_2527.JPG,10,a,,
mr_DSC_2498.JPG,9,a,,
mr_DSC_2956.JPG,3,b,,
mr_DSC_5089.JPG,9,f,,
mr_DSC_3122.JPG,6,c,,
mr_DSC_5064.JPG,9,f,,
mr_DSC_2740.JPG,1,b,,
mr_DSC_2870.JPG,9,b,,
mr_DSC_2604.JPG,6,b,,
mr_DSC_4247.JPG,7,e,,
mr_DSC_2443.JPG,12,a,,
mr_DSC_3276.JPG,9,c,,
mr_DSC_3735.JPG,8,d,,
mr_DSC_2494.JPG,9,a,,
mr_DSC_3254.JPG,9,c,,
mr_DSC_4770.JPG,11,e,,
mr_DSC_4974.JPG,8,f,,
mr_DSC_2801.JPG,2,b,,
mr_DSC_3944.JPG,3,d,,
mr_DSC_4143.JPG,11,d,,
mr_DSC_5398.JPG,5,f,,
mr_DSC_5388.JPG,4,f,,
mr_DSC_3413.JPG,12,c,,
mr_DSC_3666.JPG,7,d,,
mr_DSC_3126.JPG,6,c,,
mr_DSC_4364.JPG,12,e,,
mr_DSC_2497.JPG,9,a,,
mr_DSC_2929.JPG,3,b,,
mr_DSC_2212.JPG,11,a,,
mr_DSC_2491.JPG,9,a,,
mr_DSC_3106.JPG,6,c,,
mr_DSC_2725.JPG,1,b,,
mr_DSC_3737.JPG,8,d,,
mr_DSC_2839.JPG,10,b,,
mr_DSC_3851.JPG,9,d,,
mr_DSC_2275.JPG,5,a,,
mr_DSC_2881.JPG,9,b,,
mr_DSC_2996.JPG,4,b,,
mr_DSC_3542.JPG,4,c,,
mr_DSC_3827.JPG,2,d,,
mr_DSC_4347.JPG,12,e,,
mr_DSC_3447.JPG,10,c,,
mr_DSC_2699.JPG,12,b,,
mr_DSC_3179.JPG,7,c,,
mr_DSC_2823.JPG,10,b,,
mr_DSC_4629.JPG,3,e,,
mr_DSC_2290.JPG,6,a,,
mr_DSC_3679.JPG,7,d,,
mr_DSC_2452.JPG,12,a,,
mr_DSC_4355.JPG,12,e,,
mr_DSC_2445.JPG,12,a,,
mr_DSC_3032.JPG,5,b,,
mr_DSC_2087.JPG,3,a,,
mr_DSC_3831.JPG,2,d,,
mr_DSC_2563.JPG,6,b,,
mr_DSC_5283.JPG,2,f,,
mr_DSC_3212.JPG,8,c,,
mr_DSC_5024.JPG,12,f,,
mr_DSC_4194.JPG,6,e,,
mr_DSC_5360.JPG,4,f,,
mr_DSC_2168.JPG,4,a,,
mr_DSC_5083.JPG,9,f,,
mr_DSC_4118.JPG,5,d,,
mr_DSC_4227.JPG,6,e,,
mr_DSC_2684.JPG,8,b,,
mr_DSC_2864.JPG,9,b,,
mr_DSC_2110.JPG,3,a,,
mr_DSC_3428.JPG,12,c,,
mr_DSC_3335.JPG,2,c,,
mr_DSC_5390.JPG,4,f,,
mr_DSC_2312.JPG,6,a,,
mr_DSC_3155.JPG,7,c,,
mr_DSC_4551.JPG,10,e,,
mr_DSC_2319.JPG,6,a,,
mr_DSC_2282.JPG,5,a,,
mr_DSC_3860.JPG,9,d,,
mr_DSC_2785.JPG,2,b,,
mr_DSC_5298.JPG,3,f,,
mr_DSC_4005.JPG,4,d,,
mr_DSC_5435.JPG,5,f,,
mr_DSC_3756.JPG,12,d,,
mr_DSC_3962.JPG,3,d,,
mr_DSC_4662.JPG,4,e,,
mr_DSC_2647.JPG,7,b,,
mr_DSC_4927.JPG,8,f,,
mr_DSC_2063.JPG,2,a,,
mr_DSC_5135.JPG,10,f,,
mr_DSC_2160.JPG,4,a,,
mr_DSC_4470.JPG,2,e,,
mr_DSC_2769.JPG,2,b,,
mr_DSC_3088.JPG,11,b,,
mr_DSC_5196.JPG,1,f,,
mr_DSC_3753.JPG,12,d,,
mr_DSC_2612.JPG,6,b,,
mr_DSC_5163.JPG,10,f,,
mr_DSC_2552.JPG,10,a,,
mr_DSC_3142.JPG,7,c,,
mr_DSC_3536.JPG,4,c,,
mr_DSC_4310.JPG,8,e,,
mr_DSC_2868.JPG,9,b,,
mr_DSC_5066.JPG,9,f,,
mr_DSC_3406.JPG,12,c,,
mr_DSC_4951.JPG,8,f,,
mr_DSC_2993.JPG,4,b,,
mr_DSC_2817.JPG,10,b,,
mr_DSC_5346.JPG,3,f,,
mr_DSC_4250.JPG,7,e,,
mr_DSC_3253.JPG,9,c,,
mr_DSC_3650.JPG,6,d,,
mr_DSC_5106.JPG,9,f,,
mr_DSC_4674.JPG,4,e,,
mr_DSC_3352.JPG,2,c,,
mr_DSC_4726.JPG,5,e,,
mr_DSC_2230.JPG,5,a,,
mr_DSC_2139.JPG,4,a,,
mr_DSC_5129.JPG,10,f,,
mr_DSC_2313.JPG,6,a,,
mr_DSC_3577.JPG,5,c,,
mr_DSC_4891.JPG,7,f,,
mr_DSC_4025.JPG,4,d,,
mr_DSC_4239.JPG,7,e,,
mr_DSC_4150.JPG,11,d,,
mr_DSC_5426.JPG,5,f,,
mr_DSC_4325.JPG,12,e,,
mr_DSC_3543.JPG,4,c,,
mr_DSC_3299.JPG,1,c,,
mr_DSC_4019.JPG,4,d,,
mr_DSC_2363.JPG,8,a,,
mr_DSC_5318.JPG,3,f,,
mr_DSC_2344.JPG,7,a,,
mr_DSC_4724.JPG,5,e,,
mr_DSC_2571.JPG,6,b,,
mr_DSC_2464.JPG,9,a,,
mr_DSC_2475.JPG,9,a,,
mr_DSC_2646.JPG,7,b,,
mr_DSC_3005.JPG,4,b,,
mr_DSC_2327.JPG,7,a,,
mr_DSC_4495.JPG,9,e,,
mr_DSC_2185.JPG,11,a,,
mr_DSC_2523.JPG,10,a,,
mr_DSC_3648.JPG,6,d,,
mr_DSC_3958.JPG,3,d,,
mr_DSC_3894.JPG,10,d,,
mr_DSC_3489.JPG,3,c,,
mr_DSC_3149.JPG,7,c,,
mr_DSC_4345.JPG,12,e,,
mr_DSC_3924.JPG,10,d,,
mr_DSC_3294.JPG,1,c,,
mr_DSC_3262.JPG,9,c,,
mr_DSC_4376.JPG,1,e,,
mr_DSC_2953.JPG,3,b,,
mr_DSC_3146.JPG,7,c,,
mr_DSC_3849.JPG,9,d,,
mr_DSC_5380.JPG,4,f,,
mr_DSC_3748.JPG,12,d,,
mr_DSC_2291.JPG,6,a,,
mr_DSC_4548.JPG,9,e,,
mr_DSC_3925.JPG,10,d,,
mr_DSC_3817.JPG,2,d,,
mr_DSC_5039.JPG,12,f,,
mr_DSC_2794.JPG,2,b,,
mr_DSC_3569.JPG,5,c,,
mr_DSC_2652.JPG,8,b,,
mr_DSC_2121.JPG,3,a,,
mr_DSC_4203.JPG,6,e,,
mr_DSC_2540.JPG,10,a,,
mr_DSC_3597.JPG,11,c,,
mr_DSC_5291.JPG,2,f,,
mr_DSC_4407.JPG,1,e,,
mr_DSC_2753.JPG,1,b,,
mr_DSC_4339.JPG,12,e,,
mr_DSC_3676.JPG,7,d,,
mr_DSC_4884.JPG,7,f,,
mr_DSC_2204.JPG,11,a,,
mr_DSC_4223.JPG,6,e,,
mr_DSC_4002.JPG,4,d,,
mr_DSC_5250.JPG,2,f,,
mr_DSC_3249.JPG,9,c,,
mr_DSC_3331.JPG,2,c,,
mr_DSC_3222.JPG,8,c,,
mr_DSC_2712.JPG,12,b,,
mr_DSC_4158.JPG,11,d,,
mr_DSC_4157.JPG,11,d,,
mr_DSC_4219.JPG,6,e,,
mr_DSC_3653.JPG,6,d,,
mr_DSC_2837.JPG,10,b,,
mr_DSC_1987.JPG,1,a,,
mr_DSC_3927.JPG,10,d,,
mr_DSC_4317.JPG,8,e,,
mr_DSC_3435.JPG,10,c,,
mr_DSC_2683.JPG,8,b,,
mr_DSC_3075.JPG,11,b,,
mr_DSC_2672.JPG,8,b,,
mr_DSC_5421.JPG,5,f,,
mr_DSC_2796.JPG,2,b,,
mr_DSC_2193.JPG,11,a,,
mr_DSC_3152.JPG,7,c,,
mr_DSC_3786.JPG,1,d,,
mr_DSC_2640.JPG,7,b,,
mr_DSC_2733.JPG,1,b,,
mr_DSC_2198.JPG,11,a,,
mr_DSC_3321.JPG,2,c,,
mr_DSC_3027.JPG,5,b,,
mr_DSC_4645.JPG,4,e,,
mr_DSC_3865.JPG,9,d,,
mr_DSC_4755.JPG,11,e,,
mr_DSC_3350.JPG,2,c,,
mr_DSC_4892.JPG,7,f,,
mr_DSC_4173.JPG,11,d,,
mr_DSC_2351.JPG,7,a,,
mr_DSC_4363.JPG,12,e,,
mr_DSC_5145.JPG,10,f,,
mr_DSC_2885.JPG,9,b,,
mr_DSC_5414.JPG,5,f,,
mr_DSC_4546.JPG,9,e,,
mr_DSC_3237.JPG,9,c,,
mr_DSC_4446.JPG,2,e,,
mr_DSC_2053.JPG,2,a,,
mr_DSC_4649.JPG,4,e,,
mr_DSC_2032.JPG,2,a,,
mr_DSC_3587.JPG,5,c,,
mr_DSC_2620.JPG,7,b,,
mr_DSC_3193.JPG,8,c,,
mr_DSC_4588.JPG,10,e,,
mr_DSC_4218.JPG,6,e,,
mr_DSC_2361.JPG,8,a,,
mr_DSC_3131.JPG,6,c,,
mr_DSC_2469.JPG,9,a,,
mr_DSC_4635.JPG,3,e,,
mr_DSC_3728.JPG,8,d,,
mr_DSC_3623.JPG,11,c,,
mr_DSC_4301.JPG,8,e,,
mr_DSC_5338.JPG,3,f,,
mr_DSC_4885.JPG,7,f,,
mr_DSC_2944.JPG,3,b,,
mr_DSC_2975.JPG,4,b,,
mr_DSC_3532.JPG,4,c,,
mr_DSC_3687.JPG,7,d,,
mr_DSC_3010.JPG,5,b,,
mr_DSC_2757.JPG,1,b,,
mr_DSC_3318.JPG,2,c,,
mr_DSC_4719.JPG,5,e,,
mr_DSC_2141.JPG,4,a,,
mr_DSC_5358.JPG,4,f,,
mr_DSC_2708.JPG,12,b,,
mr_DSC_3196.JPG,8,c,,
mr_DSC_3804.JPG,2,d,,
mr_DSC_4374.JPG,1,e,,
mr_DSC_4434.JPG,2,e,,
mr_DSC_3777.JPG,1,d,,
mr_DSC_2986.JPG,4,b,,
mr_DSC_2893.JPG,9,b,,
mr_DSC_3633.JPG,11,c,,
mr_DSC_2688.JPG,12,b,,
mr_DSC_3802.JPG,1,d,,
mr_DSC_2089.JPG,3,a,,
mr_DSC_2574.JPG,6,b,,
mr_DSC_3456.JPG,10,c,,
mr_DSC_3458.JPG,10,c,,
mr_DSC_4578.JPG,10,e,,
mr_DSC_5062.JPG,9,f,,
mr_DSC_3701.JPG,8,d,,
mr_DSC_4291.JPG,8,e,,
mr_DSC_3845.JPG,2,d,,
mr_DSC_3282.JPG,1,c,,
mr_DSC_5340.JPG,3,f,,
mr_DSC_2339.JPG,7,a,,
mr_DSC_5210.JPG,1,f,,
mr_DSC_3012.JPG,5,b,,
mr_DSC_2333.JPG,7,a,,
mr_DSC_2008.JPG,1,a,,
mr_DSC_4824.JPG,6,f,,
mr_DSC_3224.JPG,8,c,,
mr_DSC_4384.JPG,1,e,,
mr_DSC_2568.JPG,6,b,,
mr_DSC_2085.JPG,3,a,,
mr_DSC_4622.JPG,3,e,,
mr_DSC_4436.JPG,2,e,,
mr_DSC_2046.JPG,2,a,,
mr_DSC_5460.JPG,11,f,,
mr_DSC_3168.JPG,7,c,,
mr_DSC_3461.JPG,10,c,,
mr_DSC_2383.JPG,8,a,,
mr_DSC_2225.JPG,5,a,,
mr_DSC_3451.JPG,10,c,,
mr_DSC_2439.JPG,12,a,,
mr_DSC_4506.JPG,9,e,,
mr_DSC_2345.JPG,7,a,,
mr_DSC_4095.JPG,5,d,,
mr_DSC_2660.JPG,8,b,,
mr_DSC_3730.JPG,8,d,,
mr_DSC_4794.JPG,11,e,,
mr_DSC_3603.JPG,11,c,,
mr_DSC_4001.JPG,4,d,,
mr_DSC_3681.JPG,7,d,,
mr_DSC_4395.JPG,1,e,,
mr_DSC_4169.JPG,11,d,,
mr_DSC_4452.JPG,2,e,,
mr_DSC_3514.JPG,4,c,,
mr_DSC_3928.JPG,10,d,,
mr_DSC_5447.JPG,11,f,,
mr_DSC_2398.JPG,8,a,,
mr_DSC_5442.JPG,11,f,,
mr_DSC_4941.JPG,8,f,,
mr_DSC_3494.JPG,3,c,,
mr_DSC_2035.JPG,2,a,,
mr_DSC_5306.JPG,3,f,,
mr_DSC_3092.JPG,11,b,,
mr_DSC_4380.JPG,1,e,,
mr_DSC_4943.JPG,8,f,,
mr_DSC_4008.JPG,4,d,,
mr_DSC_4703.JPG,5,e,,
mr_DSC_2748.JPG,1,b,,
mr_DSC_3423.JPG,12,c,,
mr_DSC_5444.JPG,11,f,,
mr_DSC_3659.JPG,6,d,,
mr_DSC_4881.JPG,7,f,,
mr_DSC_3560.JPG,5,c,,
mr_DSC_3808.JPG,2,d,,
mr_DSC_4064.JPG,5,d,,
mr_DSC_3496.JPG,3,c,,
mr_DSC_5120.JPG,10,f,,
mr_DSC_4836.JPG,6,f,,
mr_DSC_2601.JPG,6,b,,
mr_DSC_2631.JPG,7,b,,
mr_DSC_3260.JPG,9,c,,
mr_DSC_4279.JPG,8,e,,
mr_DSC_4682.JPG,5,e,,
mr_DSC_3432.JPG,10,c,,
mr_DSC_3776.JPG,1,d,,
mr_DSC_3163.JPG,7,c,,
mr_DSC_2195.JPG,11,a,,
mr_DSC_4823.JPG,6,f,,
mr_DSC_3749.JPG,12,d,,
mr_DSC_1982.JPG,1,a,,
mr_DSC_3024.JPG,5,b,,
mr_DSC_3206.JPG,8,c,,
mr_DSC_3019.JPG,5,b,,
mr_DSC_2550.JPG,10,a,,
mr_DSC_3584.JPG,5,c,,
mr_DSC_3263.JPG,9,c,,
mr_DSC_3064.JPG,11,b,,
mr_DSC_3703.JPG,8,d,,
mr_DSC_5231.JPG,1,f,,
mr_DSC_3672.JPG,7,d,,
mr_DSC_4544.JPG,9,e,,
mr_DSC_3981.JPG,3,d,,
mr_DSC_4277.JPG,7,e,,
mr_DSC_3334.JPG,2,c,,
mr_DSC_4423.JPG,2,e,,
mr_DSC_3662.JPG,6,d,,
mr_DSC_3688.JPG,7,d,,
mr_DSC_4598.JPG,3,e,,
mr_DSC_2542.JPG,10,a,,
mr_DSC_3769.JPG,12,d,,
mr_DSC_3733.JPG,8,d,,
mr_DSC_4666.JPG,4,e,,
mr_DSC_4295.JPG,8,e,,
mr_DSC_3312.JPG,1,c,,
mr_DSC_5061.JPG,9,f,,
mr_DSC_4399.JPG,1,e,,
mr_DSC_4284.JPG,8,e,,
mr_DSC_4151.JPG,11,d,,
mr_DSC_4377.JPG,1,e,,
mr_DSC_4257.JPG,7,e,,
mr_DSC_5241.JPG,2,f,,
mr_DSC_4225.JPG,6,e,,
mr_DSC_2666.JPG,8,b,,
mr_DSC_3558.JPG,5,c,,
mr_DSC_4304.JPG,8,e,,
mr_DSC_3442.JPG,10,c,,
mr_DSC_3298.JPG,1,c,,
mr_DSC_3500.JPG,3,c,,
mr_DSC_2644.JPG,7,b,,
mr_DSC_4648.JPG,4,e,,
mr_DSC_5016.JPG,12,f,,
mr_DSC_2520.JPG,10,a,,
mr_DSC_4878.JPG,7,f,,
mr_DSC_5041.JPG,12,f,,
mr_DSC_5385.JPG,4,f,,
mr_DSC_2133.JPG,4,a,,
mr_DSC_2887.JPG,9,b,,
mr_DSC_2842.JPG,10,b,,
mr_DSC_3570.JPG,5,c,,
mr_DSC_2675.JPG,8,b,,
mr_DSC_3421.JPG,12,c,,
mr_DSC_4535.JPG,9,e,,
mr_DSC_3310.JPG,1,c,,
mr_DSC_3199.JPG,8,c,,
mr_DSC_5305.JPG,3,f,,
mr_DSC_3784.JPG,1,d,,
mr_DSC_3591.JPG,5,c,,
mr_DSC_5054.JPG,12,f,,
mr_DSC_3741.JPG,12,d,,
mr_DSC_4715.JPG,5,e,,
mr_DSC_5216.JPG,1,f,,
mr_DSC_3270.JPG,9,c,,
mr_DSC_2007.JPG,1,a,,
mr_DSC_5076.JPG,9,f,,
mr_DSC_3374.JPG,12,c,,
mr_DSC_4893.JPG,7,f,,
mr_DSC_2294.JPG,6,a,,
mr_DSC_5172.JPG,1,f,,
mr_DSC_3916.JPG,10,d,,
mr_DSC_2453.JPG,12,a,,
mr_DSC_2074.JPG,2,a,,
mr_DSC_3852.JPG,9,d,,
mr_DSC_4210.JPG,6,e,,
mr_DSC_5211.JPG,1,f,,
mr_DSC_5037.JPG,12,f,,
mr_DSC_4012.JPG,4,d,,
mr_DSC_3660.JPG,6,d,,
mr_DSC_4449.JPG,2,e,,
mr_DSC_2002.JPG,1,a,,
mr_DSC_3105.JPG,6,c,,
mr_DSC_2014.JPG,1,a,,
mr_DSC_3983.JPG,3,d,,
mr_DSC_3673.JPG,7,d,,
mr_DSC_3465.JPG,10,c,,
mr_DSC_5237.JPG,2,f,,
mr_DSC_4815.JPG,6,f,,
mr_DSC_2325.JPG,7,a,,
mr_DSC_2968.JPG,4,b,,
mr_DSC_3771.JPG,1,d,,
mr_DSC_3528.JPG,4,c,,
mr_DSC_2251.JPG,5,a,,
mr_DSC_5051.JPG,12,f,,
mr_DSC_4522.JPG,9,e,,
mr_DSC_3605.JPG,11,c,,
mr_DSC_2556.JPG,10,a,,
mr_DSC_3468.JPG,3,c,,
mr_DSC_3530.JPG,4,c,,
mr_DSC_5468.JPG,11,f,,
mr_DSC_4242.JPG,7,e,,
mr_DSC_2641.JPG,7,b,,
mr_DSC_4062.JPG,5,d,,
mr_DSC_2793.JPG,2,b,,
mr_DSC_4562.JPG,10,e,,
mr_DSC_3209.JPG,8,c,,
mr_DSC_3189.JPG,8,c,,
mr_DSC_5116.JPG,10,f,,
mr_DSC_2396.JPG,8,a,,
mr_DSC_2366.JPG,8,a,,
mr_DSC_5222.JPG,1,f,,
mr_DSC_4109.JPG,5,d,,
mr_DSC_3150.JPG,7,c,,
mr_DSC_2810.JPG,10,b,,
mr_DSC_2735.JPG,1,b,,
mr_DSC_5471.JPG,11,f,,
mr_DSC_3788.JPG,1,d,,
mr_DSC_3338.JPG,2,c,,
mr_DSC_5450.JPG,11,f,,
mr_DSC_5400.JPG,5,f,,
mr_DSC_4642.JPG,4,e,,
mr_DSC_2113.JPG,3,a,,
mr_DSC_2876.JPG,9,b,,
mr_DSC_2272.JPG,5,a,,
mr_DSC_3240.JPG,9,c,,
mr_DSC_4706.JPG,5,e,,
mr_DSC_3054.JPG,5,b,,
mr_DSC_5439.JPG,11,f,,
mr_DSC_3939.JPG,3,d,,
mr_DSC_2096.JPG,3,a,,
mr_DSC_2883.JPG,9,b,,
mr_DSC_2616.JPG,7,b,,
mr_DSC_5413.JPG,5,f,,
mr_DSC_2191.JPG,11,a,,
mr_DSC_2983.JPG,4,b,,
mr_DSC_3448.JPG,10,c,,
mr_DSC_2721.JPG,12,b,,
mr_DSC_4204.JPG,6,e,,
mr_DSC_2050.JPG,2,a,,
mr_DSC_2020.JPG,1,a,,
mr_DSC_5407.JPG,5,f,,
mr_DSC_5150.JPG,10,f,,
mr_DSC_2713.JPG,12,b,,
mr_DSC_3481.JPG,3,c,,
mr_DSC_3097.JPG,11,b,,
mr_DSC_3889.JPG,9,d,,
mr_DSC_4907.JPG,7,f,,
mr_DSC_2208.JPG,11,a,,
mr_DSC_5153.JPG,10,f,,
mr_DSC_2624.JPG,7,b,,
mr_DSC_4771.JPG,11,e,,
mr_DSC_3491.JPG,3,c,,
mr_DSC_4238.JPG,7,e,,
mr_DSC_2573.JPG,6,b,,
mr_DSC_4051.JPG,5,d,,
mr_DSC_4161.JPG,11,d,,
000210.jpg,9,a,IN,0.0
000503.jpg,46,a,IN,0.0
000506.jpg,50,a,IN,0.0
000511.jpg,10,c,IN,0.0
000531.jpg,2,b,IN,0.0
000535.jpg,30,c,IN,1.0
000545.jpg,30,b,IN,1.0
000547.jpg,42,c,IN,0.0
000548.jpg,42,b,IN,0.0
000553.jpg,46,c,IN,0.0
000556.jpg,46,b,IN,0.0
000557.jpg,50,c,IN,0.0
000560.jpg,50,b,IN,0.0
000566.jpg,66,c,IN,1.0
000574.jpg,66,b,IN,1.0
000579.jpg,6,c,IN,0.0
000588.jpg,6,b,IN,0.0
000590.jpg,11,a,IN,0.0
000593.jpg,27,a,IN,1.0
000597.jpg,3,a,IN,0.0
000602.jpg,47,a,IN,0.0
000609.jpg,67,a,IN,1.0
000614.jpg,7,a,IN,0.0
000617.jpg,11,b,IN,0.0
000625.jpg,27,c,IN,1.0
000630.jpg,3,c,IN,0.0
000633.jpg,3,b,IN,0.0
000637.jpg,43,c,IN,0.0
000643.jpg,43,b,IN,0.0
000644.jpg,47,c,IN,0.0
000654.jpg,47,b,IN,0.0
000668.jpg,51,c,IN,0.0
000673.jpg,67,c,IN,1.0
000681.jpg,7,c,IN,0.0
000685.jpg,7,b,IN,0.0
000693.jpg,12,a,IN,0.0
000698.jpg,40,a,IN,0.0
000706.jpg,48,a,IN,0.0
000716.jpg,52,a,IN,0.0
000724.jpg,68,a,IN,1.0
000727.jpg,8,a,IN,0.0
000730.jpg,12,c,IN,0.0
000738.jpg,12,b,IN,0.0
000740.jpg,28,b,IN,1.0
000741.jpg,40,c,IN,0.0
000744.jpg,40,b,IN,0.0
000751.jpg,44,c,IN,0.0
000765.jpg,48,c,IN,0.0
000772.jpg,48,b,IN,0.0
000779.jpg,52,c,IN,0.0
000784.jpg,52,b,IN,0.0
000794.jpg,68,b,IN,1.0
000799.jpg,8,c,IN,0.0
000803.jpg,14,a,IN,0.0
000806.jpg,22,a,IN,0.0
000810.jpg,53,a,IN,0.0
000815.jpg,61,a,IN,0.0
000819.jpg,14,c,IN,0.0
000823.jpg,14,b,IN,0.0
000826.jpg,18,b,IN,0.0
000831.jpg,22,b,IN,0.0
000836.jpg,26,c,IN,0.0
000844.jpg,53,c,IN,0.0
000849.jpg,53,b,IN,0.0
000850.jpg,57,c,IN,0.0
001109.jpg,14,c,IN,0.0
001115.jpg,14,b,IN,0.0
001122.jpg,22,c,IN,0.0
001124.jpg,22,b,IN,0.0
001131.jpg,26,c,IN,0.0
001136.jpg,26,b,IN,0.0
001151.jpg,57,c,IN,0.0
001164.jpg,61,c,IN,0.0
001167.jpg,61,b,IN,0.0
001171.jpg,15,a,IN,0.0
001173.jpg,23,a,IN,0.0
001174.jpg,54,a,IN,0.0
001178.jpg,62,a,IN,0.0
001187.jpg,69,a,IN,1.0
001199.jpg,15,b,IN,0.0
001201.jpg,19,c,IN,0.0
001204.jpg,19,b,IN,0.0
001206.jpg,23,c,IN,0.0
001219.jpg,54,c,IN,0.0
001220.jpg,54,b,IN,0.0
001223.jpg,58,c,IN,0.0
001230.jpg,58,b,IN,0.0
001234.jpg,65,c,IN,0.0
001243.jpg,69,c,IN,1.0
001244.jpg,69,b,IN,1.0
001465.jpg,15,c,IN,0.0
001466.jpg,15,b,IN,0.0
001469.jpg,19,c,IN,0.0
001477.jpg,23,c,IN,0.0
001481.jpg,23,b,IN,0.0
001488.jpg,54,b,IN,0.0
001490.jpg,58,c,IN,0.0
001502.jpg,58,b,IN,0.0
001506.jpg,62,b,IN,0.0
001526.jpg,16,a,IN,0.0
001529.jpg,20,a,IN,0.0
001535.jpg,24,a,IN,0.0
001541.jpg,31,a,IN,1.0
001548.jpg,63,a,IN,0.0
001549.jpg,71,a,IN,1.0
001551.jpg,16,c,IN,0.0
001558.jpg,16,b,IN,0.0
001565.jpg,20,c,IN,0.0
001572.jpg,20,b,IN,0.0
001575.jpg,24,c,IN,0.0
001577.jpg,24,b,IN,0.0
001585.jpg,55,b,IN,0.0
001601.jpg,59,b,IN,0.0
001612.jpg,63,b,IN,0.0
001858.jpg,16,c,IN,0.0
001864.jpg,16,b,IN,0.0
001880.jpg,24,c,IN,0.0
001902.jpg,31,c,IN,1.0
001904.jpg,55,c,IN,0.0
001913.jpg,55,b,IN,0.0
001933.jpg,63,c,IN,0.0
001937.jpg,63,b,IN,0.0
001948.jpg,71,b,IN,1.0
001955.jpg,17,a,IN,0.0
001959.jpg,21,a,IN,0.0
001961.jpg,25,a,IN,0.0
001965.jpg,32,a,IN,1.0
001968.jpg,56,a,IN,0.0
001974.jpg,60,a,IN,0.0
001975.jpg,64,a,IN,0.0
001976.jpg,72,a,IN,1.0
001980.jpg,17,c,IN,0.0
001989.jpg,17,b,IN,0.0
001995.jpg,21,b,IN,0.0
002003.jpg,25,c,IN,0.0
002006.jpg,32,c,IN,1.0
002018.jpg,56,c,IN,0.0
002023.jpg,56,b,IN,0.0
002034.jpg,60,c,IN,0.0
002037.jpg,60,b,IN,0.0
002045.jpg,64,c,IN,0.0
002047.jpg,64,b,IN,0.0
002375.jpg,17,c,IN,0.0
002384.jpg,17,b,IN,0.0
002387.jpg,21,b,IN,0.0
002393.jpg,25,c,IN,0.0
002417.jpg,56,b,IN,0.0
002424.jpg,60,c,IN,0.0
002438.jpg,64,c,IN,0.0
002446.jpg,64,b,IN,0.0
002449.jpg,72,b,IN,1.0
002451.jpg,76,a,K,0.0
002452.jpg,105,c,K,0.0
002453.jpg,107,c,K,0.0
002454.jpg,108,c,K,0.0
002455.jpg,109,c,K,0.0
002456.jpg,113,c,K,0.0
002457.jpg,116,c,K,0.0
002458.jpg,121,c,K,0.0
002459.jpg,124,c,K,0.0
002460.jpg,125,c,K,0.0
002461.jpg,128,c,K,0.0
002462.jpg,129,c,K,0.0
002463.jpg,74,c,K,0.0
002464.jpg,75,c,K,0.0
002465.jpg,76,c,K,0.0
002466.jpg,77,c,K,0.0
002467.jpg,78,c,K,0.0
002468.jpg,105,g,K,0.0
002469.jpg,107,g,K,0.0
002470.jpg,108,g,K,0.0
002471.jpg,113,g,K,0.0
002472.jpg,117,g,K,0.0
002473.jpg,121,g,K,0.0
002474.jpg,124,g,K,0.0
002475.jpg,125,g,K,0.0
002476.jpg,128,g,K,0.0
002477.jpg,129,g,K,0.0
002478.jpg,73,g,K,0.0
002479.jpg,74,g,K,0.0
002480.jpg,75,g,K,0.0
002481.jpg,76,g,K,0.0
002482.jpg,105,d,K,0.0
002483.jpg,108,d,K,0.0
002484.jpg,109,d,K,0.0
002485.jpg,113,d,K,0.0
002486.jpg,116,d,K,0.0
002487.jpg,117,d,K,0.0
002488.jpg,121,d,K,0.0
002489.jpg,124,d,K,0.0
002490.jpg,125,d,K,0.0
002491.jpg,128,d,K,0.0
002492.jpg,129,d,K,0.0
002493.jpg,73,d,K,0.0
002494.jpg,74,d,K,0.0
002495.jpg,77,d,K,0.0
002496.jpg,78,d,K,0.0
002497.jpg,105,b,K,0.0
002498.jpg,109,b,K,0.0
002499.jpg,112,b,K,0.0
002500.jpg,116,b,K,0.0
002501.jpg,117,b,K,0.0
002502.jpg,128,b,K,0.0
002503.jpg,129,b,K,0.0
002504.jpg,74,b,K,0.0
002505.jpg,75,b,K,0.0
002506.jpg,76,b,K,0.0
002507.jpg,77,b,K,0.0
002508.jpg,105,h,K,0.0
002509.jpg,107,h,K,0.0
002510.jpg,109,h,K,0.0
002511.jpg,112,h,K,0.0
002512.jpg,113,h,K,0.0
002513.jpg,117,h,K,0.0
002514.jpg,121,h,K,0.0
002515.jpg,124,h,K,0.0
002516.jpg,125,h,K,0.0
002517.jpg,128,h,K,0.0
002518.jpg,129,h,K,0.0
002519.jpg,73,h,K,0.0
002520.jpg,74,h,K,0.0
002521.jpg,75,h,K,0.0
002522.jpg,77,h,K,0.0
004921.jpg,106,c,KXN,0.0
004922.jpg,106,g,KXN,0.0
004923.jpg,106,b,KXN,0.0
004924.jpg,106,j,KXN,0.0
004925.jpg,110,c,KXN,0.0
004926.jpg,110,g,KXN,0.0
004927.jpg,110,b,KXN,0.0
004928.jpg,110,j,KXN,0.0
004929.jpg,110,a,KXN,0.0
004930.jpg,114,c,KXN,0.0
004931.jpg,114,g,KXN,0.0
004932.jpg,114,b,KXN,0.0
004933.jpg,114,j,KXN,0.0
004934.jpg,114,a,KXN,0.0
004935.jpg,39,c,KXN,1.0
004936.jpg,39,g,KXN,1.0
004937.jpg,39,b,KXN,1.0
004938.jpg,39,j,KXN,1.0
004939.jpg,39,a,KXN,1.0
004940.jpg,87,c,KXN,0.0
004941.jpg,87,g,KXN,0.0
004942.jpg,87,b,KXN,0.0
004943.jpg,87,j,KXN,0.0
004944.jpg,87,a,KXN,0.0
004945.jpg,91,c,KXN,0.0
004946.jpg,91,g,KXN,0.0
004947.jpg,91,j,KXN,0.0
004948.jpg,91,a,KXN,0.0
004949.jpg,107,c,KXN,0.0
004950.jpg,107,g,KXN,0.0
004951.jpg,107,j,KXN,0.0
004952.jpg,111,c,KXN,0.0
004953.jpg,111,j,KXN,0.0
004954.jpg,111,a,KXN,0.0
004955.jpg,115,c,KXN,0.0
004956.jpg,115,g,KXN,0.0
004957.jpg,115,b,KXN,0.0
004958.jpg,115,j,KXN,0.0
004959.jpg,115,a,KXN,0.0
004960.jpg,36,g,KXN,1.0
004961.jpg,36,b,KXN,1.0
004962.jpg,36,a,KXN,1.0
004963.jpg,73,c,KXN,1.0
004964.jpg,73,g,KXN,1.0
004965.jpg,84,g,KXN,0.0
004966.jpg,84,a,KXN,0.0
004967.jpg,88,c,KXN,0.0
004968.jpg,88,g,KXN,0.0
004969.jpg,88,j,KXN,0.0
004970.jpg,88,a,KXN,0.0
004971.jpg,105,c,KXN,0.0
004972.jpg,105,g,KXN,0.0
004973.jpg,105,j,KXN,0.0
004974.jpg,105,a,KXN,0.0
004975.jpg,109,g,KXN,0.0
004976.jpg,109,j,KXN,0.0
004977.jpg,109,a,KXN,0.0
004978.jpg,113,c,KXN,0.0
004979.jpg,113,g,KXN,0.0
004980.jpg,113,j,KXN,0.0
004981.jpg,113,a,KXN,0.0
004982.jpg,34,c,KXN,1.0
004983.jpg,34,g,KXN,1.0
004984.jpg,34,b,KXN,1.0
004985.jpg,34,j,KXN,1.0
004986.jpg,34,a,KXN,1.0
004987.jpg,75,c,KXN,1.0
004988.jpg,75,b,KXN,1.0
004989.jpg,75,j,KXN,1.0
004990.jpg,75,a,KXN,1.0
004991.jpg,86,c,KXN,0.0
004992.jpg,86,g,KXN,0.0
004993.jpg,86,b,KXN,0.0
004994.jpg,86,j,KXN,0.0
004995.jpg,90,c,KXN,0.0
004996.jpg,90,g,KXN,0.0
004997.jpg,90,b,KXN,0.0
004998.jpg,90,a,KXN,0.0
004999.jpg,108,j,KXN,0.0
005000.jpg,108,a,KXN,0.0
005001.jpg,112,c,KXN,0.0
005002.jpg,112,g,KXN,0.0
005003.jpg,112,j,KXN,0.0
005004.jpg,116,c,KXN,0.0
005005.jpg,116,g,KXN,0.0
005006.jpg,116,b,KXN,0.0
005007.jpg,116,j,KXN,0.0
005008.jpg,116,a,KXN,0.0
005009.jpg,117,b,KXN,0.0
005010.jpg,117,j,KXN,0.0
005011.jpg,117,a,KXN,0.0
005012.jpg,33,g,KXN,1.0
005013.jpg,33,a,KXN,1.0
005014.jpg,74,c,KXN,1.0
005015.jpg,74,g,KXN,1.0
005016.jpg,74,b,KXN,1.0
005017.jpg,74,j,KXN,1.0
005018.jpg,74,a,KXN,1.0
005019.jpg,83,c,KXN,0.0
005020.jpg,83,g,KXN,0.0
005021.jpg,83,j,KXN,0.0
005022.jpg,83,a,KXN,0.0
005023.jpg,85,j,KXN,0.0
005024.jpg,85,a,KXN,0.0
005025.jpg,89,c,KXN,0.0
005026.jpg,89,g,KXN,0.0
005027.jpg,89,a,KXN,0.0
005028.jpg,100,c,KXN,0.0
005029.jpg,100,g,KXN,0.0
005030.jpg,100,b,KXN,0.0
005031.jpg,100,j,KXN,0.0
005032.jpg,100,a,KXN,0.0
005033.jpg,104,c,KXN,0.0
005034.jpg,104,g,KXN,0.0
005035.jpg,104,b,KXN,0.0
005036.jpg,104,j,KXN,0.0
005037.jpg,104,a,KXN,0.0
005038.jpg,118,c,KXN,0.0
005039.jpg,118,g,KXN,0.0
005040.jpg,118,j,KXN,0.0
005041.jpg,122,c,KXN,0.0
005042.jpg,122,g,KXN,0.0
005043.jpg,122,b,KXN,0.0
005044.jpg,122,j,KXN,0.0
005045.jpg,126,c,KXN,0.0
005046.jpg,126,g,KXN,0.0
005047.jpg,126,b,KXN,0.0
005048.jpg,126,j,KXN,0.0
005049.jpg,126,a,KXN,0.0
005050.jpg,35,c,KXN,1.0
005051.jpg,35,b,KXN,1.0
005052.jpg,35,j,KXN,1.0
005053.jpg,35,a,KXN,1.0
005054.jpg,92,c,KXN,0.0
005055.jpg,92,b,KXN,0.0
005056.jpg,92,j,KXN,0.0
005057.jpg,96,c,KXN,0.0
005058.jpg,96,g,KXN,0.0
005059.jpg,96,b,KXN,0.0
005060.jpg,96,j,KXN,0.0
005061.jpg,96,a,KXN,0.0
005062.jpg,101,g,KXN,0.0
005063.jpg,101,b,KXN,0.0
005064.jpg,101,j,KXN,0.0
005065.jpg,101,a,KXN,0.0
005066.jpg,119,c,KXN,0.0
005067.jpg,119,b,KXN,0.0
005068.jpg,119,j,KXN,0.0
005069.jpg,119,a,KXN,0.0
005070.jpg,123,c,KXN,0.0
005071.jpg,123,g,KXN,0.0
005072.jpg,123,j,KXN,0.0
005073.jpg,123,a,KXN,0.0
005074.jpg,127,c,KXN,0.0
005075.jpg,127,g,KXN,0.0
005076.jpg,127,b,KXN,0.0
005078.jpg,130,b,KXN,0.0
005079.jpg,130,j,KXN,0.0
005080.jpg,130,a,KXN,0.0
005081.jpg,76,c,KXN,1.0
005082.jpg,76,g,KXN,1.0
005083.jpg,76,b,KXN,1.0
005084.jpg,76,j,KXN,1.0
005085.jpg,76,a,KXN,1.0
005086.jpg,93,g,KXN,0.0
005087.jpg,93,j,KXN,0.0
005088.jpg,93,a,KXN,0.0
005089.jpg,97,c,KXN,0.0
005090.jpg,97,g,KXN,0.0
005091.jpg,97,j,KXN,0.0
005092.jpg,97,a,KXN,0.0
005093.jpg,103,c,KXN,0.0
005094.jpg,103,g,KXN,0.0
005095.jpg,103,b,KXN,0.0
005096.jpg,103,j,KXN,0.0
005097.jpg,103,a,KXN,0.0
005098.jpg,121,g,KXN,0.0
005099.jpg,121,j,KXN,0.0
005100.jpg,125,c,KXN,0.0
005101.jpg,125,b,KXN,0.0
005102.jpg,125,a,KXN,0.0
005103.jpg,129,g,KXN,0.0
005104.jpg,129,b,KXN,0.0
005105.jpg,129,j,KXN,0.0
005107.jpg,38,g,KXN,1.0
005108.jpg,38,b,KXN,1.0
005109.jpg,38,j,KXN,1.0
005110.jpg,77,g,KXN,1.0
005111.jpg,77,b,KXN,1.0
005112.jpg,95,c,KXN,0.0
005113.jpg,95,b,KXN,0.0
005114.jpg,95,j,KXN,0.0
005115.jpg,95,a,KXN,0.0
005116.jpg,99,c,KXN,0.0
005117.jpg,99,g,KXN,0.0
005118.jpg,99,b,KXN,0.0
005119.jpg,99,j,KXN,0.0
005120.jpg,102,c,KXN,0.0
005121.jpg,102,g,KXN,0.0
005122.jpg,102,b,KXN,0.0
005123.jpg,102,a,KXN,0.0
005124.jpg,120,b,KXN,0.0
005125.jpg,120,a,KXN,0.0
005126.jpg,124,b,KXN,0.0
005127.jpg,128,c,KXN,0.0
005128.jpg,128,g,KXN,0.0
005129.jpg,128,j,KXN,0.0
005130.jpg,128,a,KXN,0.0
005131.jpg,37,c,KXN,1.0
005132.jpg,37,g,KXN,1.0
005133.jpg,37,b,KXN,1.0
005134.jpg,37,j,KXN,1.0
005135.jpg,37,a,KXN,1.0
005136.jpg,78,c,KXN,1.0
005137.jpg,78,g,KXN,1.0
005138.jpg,78,b,KXN,1.0
005139.jpg,78,j,KXN,1.0
005140.jpg,78,a,KXN,1.0
005141.jpg,94,c,KXN,0.0
005142.jpg,94,g,KXN,0.0
005143.jpg,94,b,KXN,0.0
005144.jpg,94,j,KXN,0.0
005145.jpg,94,a,KXN,0.0
005146.jpg,98,g,KXN,0.0
005147.jpg,98,b,KXN,0.0
005148.jpg,98,j,KXN,0.0
005149.jpg,98,a,KXN,0.0
005151.jpg,87,a,KXN,0.0
005159.jpg,87,a,KXN,0.0
005204.jpg,39,a,KXN,1.0
005220.jpg,91,a,KXN,0.0
005274.jpg,114,a,KXN,0.0
005302.jpg,106,a,KXN,0.0
005360.jpg,87,e,KXN,0.0
005372.jpg,87,e,KXN,0.0
005392.jpg,87,e,KXN,0.0
005394.jpg,87,e,KXN,0.0
005469.jpg,91,e,KXN,0.0
005549.jpg,87,e,KXN,0.0
005560.jpg,39,e,KXN,1.0
005565.jpg,39,e,KXN,1.0
005580.jpg,91,e,KXN,0.0
005584.jpg,106,e,KXN,0.0
005609.jpg,114,e,KXN,0.0
005662.jpg,110,e,KXN,0.0
005790.jpg,91,g,KXN,0.0
005802.jpg,91,g,KXN,0.0
005832.jpg,39,g,KXN,1.0
005839.jpg,39,g,KXN,1.0
005897.jpg,106,g,KXN,0.0
005923.jpg,114,g,KXN,0.0
005978.jpg,39,j,KXN,1.0
006007.jpg,91,j,KXN,0.0
006036.jpg,87,j,KXN,0.0
006047.jpg,110,j,KXN,0.0
006194.jpg,88,a,KXN,0.0
006201.jpg,88,a,KXN,0.0
006233.jpg,84,a,KXN,0.0
006285.jpg,111,e,KXN,0.0
006303.jpg,111,e,KXN,0.0
006351.jpg,115,e,KXN,0.0
006378.jpg,107,e,KXN,0.0
006406.jpg,111,e,KXN,0.0
006416.jpg,73,e,KXN,1.0
006490.jpg,84,e,KXN,0.0
006557.jpg,36,e,KXN,1.0
006575.jpg,84,e,KXN,0.0
006592.jpg,88,e,KXN,0.0
006659.jpg,73,g,KXN,1.0
006666.jpg,73,g,KXN,1.0
006723.jpg,111,g,KXN,0.0
006739.jpg,111,g,KXN,0.0
006815.jpg,84,g,KXN,0.0
006829.jpg,84,g,KXN,0.0
006847.jpg,88,g,KXN,0.0
006895.jpg,107,j,KXN,0.0
006897.jpg,107,j,KXN,0.0
006898.jpg,107,j,KXN,0.0
006909.jpg,107,j,KXN,0.0
006915.jpg,107,j,KXN,0.0
006926.jpg,73,j,KXN,1.0
006965.jpg,115,j,KXN,0.0
006993.jpg,115,j,KXN,0.0
007030.jpg,88,j,KXN,0.0
007079.jpg,86,a,KXN,0.0
007080.jpg,86,a,KXN,0.0
007103.jpg,90,a,KXN,0.0
007127.jpg,90,a,KXN,0.0
007131.jpg,90,a,KXN,0.0
007150.jpg,34,a,KXN,1.0
007155.jpg,34,a,KXN,1.0
007163.jpg,105,a,KXN,0.0
007165.jpg,105,a,KXN,0.0
007169.jpg,105,a,KXN,0.0
007174.jpg,105,a,KXN,0.0
007226.jpg,113,a,KXN,0.0
007228.jpg,75,a,KXN,1.0
007351.jpg,34,e,KXN,1.0
007398.jpg,34,e,KXN,1.0
007416.jpg,105,e,KXN,0.0
007423.jpg,109,e,KXN,0.0
007433.jpg,113,e,KXN,0.0
007436.jpg,113,e,KXN,0.0
007449.jpg,109,e,KXN,0.0
007453.jpg,105,e,KXN,0.0
007473.jpg,75,e,KXN,1.0
007566.jpg,105,e,KXN,0.0
007638.jpg,86,g,KXN,0.0
007666.jpg,90,g,KXN,0.0
007679.jpg,34,g,KXN,1.0
007849.jpg,86,j,KXN,0.0
007853.jpg,86,j,KXN,0.0
007858.jpg,86,j,KXN,0.0
007994.jpg,109,j,KXN,0.0
008011.jpg,113,j,KXN,0.0
008205.jpg,85,a,KXN,0.0
008208.jpg,85,a,KXN,0.0
008230.jpg,89,a,KXN,0.0
008291.jpg,116,a,KXN,0.0
008308.jpg,116,a,KXN,0.0
008327.jpg,117,a,KXN,0.0
008350.jpg,108,a,KXN,0.0
008390.jpg,120,e,KXN,0.0
008396.jpg,128,e,KXN,0.0
008412.jpg,116,e,KXN,0.0
008436.jpg,108,e,KXN,0.0
008485.jpg,112,e,KXN,0.0
008547.jpg,108,e,KXN,0.0
008555.jpg,108,e,KXN,0.0
008574.jpg,74,e,KXN,1.0
008591.jpg,33,e,KXN,1.0
008699.jpg,33,e,KXN,1.0
008723.jpg,108,g,KXN,0.0
008747.jpg,117,g,KXN,0.0
008794.jpg,112,g,KXN,0.0
008796.jpg,112,g,KXN,0.0
008822.jpg,83,g,KXN,0.0
008837.jpg,83,g,KXN,0.0
008841.jpg,83,g,KXN,0.0
008967.jpg,116,j,KXN,0.0
009038.jpg,83,j,KXN,0.0
009179.jpg,118,e,KXN,0.0
009186.jpg,118,e,KXN,0.0
009205.jpg,122,e,KXN,0.0
009222.jpg,122,e,KXN,0.0
009223.jpg,122,e,KXN,0.0
009249.jpg,118,e,KXN,0.0
009305.jpg,96,e,KXN,0.0
009339.jpg,92,e,KXN,0.0
009527.jpg,118,e,KXN,0.0
009531.jpg,118,e,KXN,0.0
009554.jpg,122,e,KXN,0.0
009602.jpg,126,e,KXN,0.0
009660.jpg,92,e,KXN,0.0
009669.jpg,92,e,KXN,0.0
009684.jpg,92,e,KXN,0.0
009778.jpg,96,e,KXN,0.0
009799.jpg,35,e,KXN,1.0
009843.jpg,122,e,KXN,0.0
009900.jpg,122,e,KXN,0.0
009923.jpg,126,e,KXN,0.0
009926.jpg,35,e,KXN,1.0
009960.jpg,92,e,KXN,0.0
010009.jpg,96,e,KXN,0.0
010029.jpg,35,e,KXN,1.0
010128.jpg,126,e,KXN,0.0
010139.jpg,122,e,KXN,0.0
010233.jpg,35,e,KXN,1.0
010287.jpg,100,e,KXN,0.0
010324.jpg,104,e,KXN,0.0
010330.jpg,96,e,KXN,0.0
010379.jpg,92,e,KXN,0.0
010409.jpg,100,e,KXN,0.0
010414.jpg,100,e,KXN,0.0
010416.jpg,100,e,KXN,0.0
010437.jpg,122,e,KXN,0.0
010471.jpg,118,e,KXN,0.0
010495.jpg,122,e,KXN,0.0
010554.jpg,96,e,KXN,0.0
010578.jpg,104,e,KXN,0.0
010671.jpg,104,e,KXN,0.0
010743.jpg,118,e,KXN,0.0
010791.jpg,122,e,KXN,0.0
010874.jpg,96,e,KXN,0.0
010896.jpg,92,e,KXN,0.0
010952.jpg,92,e,KXN,0.0
010960.jpg,92,e,KXN,0.0
011045.jpg,100,e,KXN,0.0
011096.jpg,35,e,KXN,1.0
011100.jpg,35,e,KXN,1.0
011102.jpg,35,e,KXN,1.0
011245.jpg,104,g,KXN,0.0
011278.jpg,92,g,KXN,0.0
011281.jpg,92,g,KXN,0.0
011323.jpg,126,j,KXN,0.0
011358.jpg,118,j,KXN,0.0
011377.jpg,118,j,KXN,0.0
011457.jpg,100,j,KXN,0.0
011497.jpg,35,j,KXN,1.0
011498.jpg,35,j,KXN,1.0
011501.jpg,35,j,KXN,1.0
011502.jpg,35,j,KXN,1.0
011504.jpg,35,j,KXN,1.0
011510.jpg,35,j,KXN,1.0
011588.jpg,76,a,KXN,1.0
011612.jpg,127,a,KXN,0.0
011660.jpg,130,a,KXN,0.0
011661.jpg,130,a,KXN,0.0
011688.jpg,101,a,KXN,0.0
011726.jpg,97,a,KXN,0.0
011741.jpg,97,a,KXN,0.0
011771.jpg,93,a,KXN,0.0
011930.jpg,119,e,KXN,0.0
012004.jpg,130,e,KXN,0.0
012009.jpg,130,e,KXN,0.0
012040.jpg,97,e,KXN,0.0
012070.jpg,97,e,KXN,0.0
012098.jpg,93,e,KXN,0.0
012102.jpg,93,e,KXN,0.0
012147.jpg,127,e,KXN,0.0
012174.jpg,76,e,KXN,1.0
012186.jpg,119,e,KXN,0.0
012274.jpg,127,e,KXN,0.0
012280.jpg,127,e,KXN,0.0
012312.jpg,76,e,KXN,1.0
012332.jpg,130,e,KXN,0.0
012366.jpg,101,e,KXN,0.0
012398.jpg,93,e,KXN,0.0
012412.jpg,101,e,KXN,0.0
012429.jpg,101,e,KXN,0.0
012433.jpg,101,e,KXN,0.0
012484.jpg,93,e,KXN,0.0
012491.jpg,93,e,KXN,0.0
012549.jpg,127,e,KXN,0.0
012565.jpg,76,e,KXN,1.0
012571.jpg,76,e,KXN,1.0
012605.jpg,119,e,KXN,0.0
012687.jpg,101,e,KXN,0.0
012695.jpg,101,e,KXN,0.0
012722.jpg,97,e,KXN,0.0
012726.jpg,101,e,KXN,0.0
012738.jpg,101,e,KXN,0.0
012739.jpg,101,e,KXN,0.0
012742.jpg,93,e,KXN,0.0
012769.jpg,93,e,KXN,0.0
012777.jpg,97,e,KXN,0.0
012804.jpg,119,e,KXN,0.0
012819.jpg,119,e,KXN,0.0
012850.jpg,127,e,KXN,0.0
012859.jpg,127,e,KXN,0.0
012870.jpg,127,e,KXN,0.0
012883.jpg,123,e,KXN,0.0
012912.jpg,76,e,KXN,1.0
012971.jpg,93,e,KXN,0.0
012984.jpg,97,e,KXN,0.0
013023.jpg,119,e,KXN,0.0
013039.jpg,119,e,KXN,0.0
013073.jpg,76,e,KXN,1.0
013079.jpg,76,e,KXN,1.0
013094.jpg,127,e,KXN,0.0
013100.jpg,127,e,KXN,0.0
013134.jpg,130,e,KXN,0.0
013197.jpg,76,e,KXN,1.0
013215.jpg,127,e,KXN,0.0
013222.jpg,127,e,KXN,0.0
013296.jpg,101,e,KXN,0.0
013306.jpg,101,e,KXN,0.0
013318.jpg,101,e,KXN,0.0
013325.jpg,101,e,KXN,0.0
013378.jpg,97,e,KXN,0.0
013412.jpg,101,e,KXN,0.0
013581.jpg,101,g,KXN,0.0
013593.jpg,101,g,KXN,0.0
013600.jpg,101,g,KXN,0.0
013616.jpg,97,g,KXN,0.0
013619.jpg,97,g,KXN,0.0
013647.jpg,93,g,KXN,0.0
013694.jpg,119,j,KXN,0.0
013706.jpg,123,j,KXN,0.0
013721.jpg,123,j,KXN,0.0
013804.jpg,95,a,KXN,0.0
013875.jpg,38,a,KXN,1.0
013883.jpg,38,a,KXN,1.0
013888.jpg,38,a,KXN,1.0
013939.jpg,121,a,KXN,0.0
013941.jpg,121,a,KXN,0.0
013943.jpg,121,a,KXN,0.0
013962.jpg,125,a,KXN,0.0
014045.jpg,95,e,KXN,0.0
014057.jpg,103,e,KXN,0.0
014073.jpg,95,e,KXN,0.0
014089.jpg,99,e,KXN,0.0
014130.jpg,38,e,KXN,1.0
014168.jpg,121,e,KXN,0.0
014210.jpg,129,e,KXN,0.0
014222.jpg,129,e,KXN,0.0
014233.jpg,121,e,KXN,0.0
014234.jpg,121,e,KXN,0.0
014270.jpg,125,e,KXN,0.0
014280.jpg,129,e,KXN,0.0
014315.jpg,77,e,KXN,1.0
014343.jpg,99,e,KXN,0.0
014349.jpg,95,e,KXN,0.0
014378.jpg,95,e,KXN,0.0
014490.jpg,125,e,KXN,0.0
014492.jpg,125,e,KXN,0.0
014562.jpg,99,e,KXN,0.0
014595.jpg,38,e,KXN,1.0
014601.jpg,38,e,KXN,1.0
014642.jpg,95,e,KXN,0.0
014668.jpg,129,e,KXN,0.0
014738.jpg,129,e,KXN,0.0
014742.jpg,129,e,KXN,0.0
014744.jpg,125,e,KXN,0.0
014782.jpg,77,e,KXN,1.0
014826.jpg,103,e,KXN,0.0
014832.jpg,38,e,KXN,1.0
014839.jpg,38,e,KXN,1.0
014853.jpg,99,e,KXN,0.0
014880.jpg,103,e,KXN,0.0
014890.jpg,103,e,KXN,0.0
014920.jpg,121,e,KXN,0.0
014944.jpg,129,e,KXN,0.0
014953.jpg,129,e,KXN,0.0
014980.jpg,77,e,KXN,1.0
014984.jpg,125,e,KXN,0.0
014998.jpg,129,e,KXN,0.0
015008.jpg,129,e,KXN,0.0
015015.jpg,129,e,KXN,0.0
015021.jpg,125,e,KXN,0.0
015054.jpg,99,e,KXN,0.0
015067.jpg,99,e,KXN,0.0
015083.jpg,103,e,KXN,0.0
015137.jpg,103,e,KXN,0.0
015180.jpg,77,e,KXN,1.0
015217.jpg,125,e,KXN,0.0
015270.jpg,95,e,KXN,0.0
015284.jpg,99,e,KXN,0.0
015340.jpg,95,e,KXN,0.0
015360.jpg,95,e,KXN,0.0
015369.jpg,103,e,KXN,0.0
015413.jpg,129,e,KXN,0.0
015456.jpg,129,e,KXN,0.0
015459.jpg,129,e,KXN,0.0
015466.jpg,77,e,KXN,1.0
015477.jpg,77,e,KXN,1.0
015514.jpg,38,c,KXN,1.0
015613.jpg,103,g,KXN,0.0
015618.jpg,103,g,KXN,0.0
015691.jpg,129,g,KXN,0.0
015721.jpg,77,g,KXN,1.0
015728.jpg,77,g,KXN,1.0
015786.jpg,99,j,KXN,0.0
015897.jpg,77,j,KXN,1.0
015986.jpg,37,a,KXN,1.0
015998.jpg,37,a,KXN,1.0
016006.jpg,102,a,KXN,0.0
016010.jpg,102,a,KXN,0.0
016038.jpg,102,a,KXN,0.0
016046.jpg,94,a,KXN,0.0
016058.jpg,94,a,KXN,0.0
016072.jpg,98,a,KXN,0.0
016094.jpg,78,a,KXN,1.0
016142.jpg,120,a,KXN,0.0
016175.jpg,128,a,KXN,0.0
016185.jpg,128,a,KXN,0.0
016314.jpg,37,e,KXN,1.0
016347.jpg,124,e,KXN,0.0
016354.jpg,124,e,KXN,0.0
016399.jpg,128,e,KXN,0.0
016408.jpg,128,e,KXN,0.0
016460.jpg,128,e,KXN,0.0
016529.jpg,98,e,KXN,0.0
016618.jpg,94,e,KXN,0.0
016642.jpg,98,e,KXN,0.0
016644.jpg,98,e,KXN,0.0
016669.jpg,37,e,KXN,1.0
016691.jpg,102,e,KXN,0.0
016694.jpg,102,e,KXN,0.0
016726.jpg,98,e,KXN,0.0
016803.jpg,124,e,KXN,0.0
016810.jpg,124,e,KXN,0.0
016824.jpg,124,e,KXN,0.0
016832.jpg,78,e,KXN,1.0
016862.jpg,128,e,KXN,0.0
016936.jpg,124,e,KXN,0.0
016988.jpg,98,e,KXN,0.0
017028.jpg,94,e,KXN,0.0
017054.jpg,102,e,KXN,0.0
017060.jpg,102,e,KXN,0.0
017083.jpg,37,e,KXN,1.0
017091.jpg,94,e,KXN,0.0
017103.jpg,124,e,KXN,0.0
017113.jpg,124,e,KXN,0.0
017165.jpg,128,e,KXN,0.0
017170.jpg,128,e,KXN,0.0
017193.jpg,124,e,KXN,0.0
017204.jpg,120,e,KXN,0.0
017215.jpg,128,e,KXN,0.0
017217.jpg,128,e,KXN,0.0
017229.jpg,78,e,KXN,1.0
017312.jpg,37,e,KXN,1.0
017338.jpg,120,e,KXN,0.0
017342.jpg,120,e,KXN,0.0
017396.jpg,78,e,KXN,1.0
017405.jpg,98,e,KXN,0.0
017417.jpg,98,e,KXN,0.0
017430.jpg,94,e,KXN,0.0
017454.jpg,102,e,KXN,0.0
017461.jpg,102,e,KXN,0.0
017543.jpg,37,e,KXN,1.0
017655.jpg,78,e,KXN,1.0
017659.jpg,78,e,KXN,1.0
017681.jpg,128,e,KXN,0.0
017709.jpg,98,e,KXN,0.0
017806.jpg,94,e,KXN,0.0
017833.jpg,94,e,KXN,0.0
017861.jpg,98,e,KXN,0.0
017879.jpg,94,e,KXN,0.0
018220.jpg,128,j,KXN,0.0
018222.jpg,128,j,KXN,0.0
018245.jpg,78,j,KXN,1.0
018358.jpg,13,a,IN,0.0
018362.jpg,1,a,IN,0.0
018363.jpg,41,a,IN,0.0
018364.jpg,45,a,IN,0.0
018365.jpg,49,a,IN,0.0
018366.jpg,5,a,IN,0.0
018369.jpg,70,a,IN,1.0
018650.jpg,10,b,IN,0.0
018677.jpg,43,a,IN,0.0
018680.jpg,51,a,IN,0.0
018683.jpg,11,c,IN,0.0
018704.jpg,51,b,IN,0.0
018710.jpg,67,b,IN,1.0
018727.jpg,44,a,IN,0.0
018734.jpg,4,a,IN,0.0
018749.jpg,28,c,IN,1.0
018763.jpg,44,b,IN,0.0
018771.jpg,4,c,IN,0.0
018774.jpg,4,b,IN,0.0
018783.jpg,68,c,IN,1.0
018787.jpg,8,b,IN,0.0
018792.jpg,18,a,IN,0.0
018794.jpg,26,a,IN,0.0
018797.jpg,29,a,IN,1.0
018799.jpg,57,a,IN,0.0
018802.jpg,18,c,IN,0.0
018808.jpg,22,c,IN,0.0
018813.jpg,26,b,IN,0.0
018820.jpg,29,c,IN,1.0
018823.jpg,29,b,IN,1.0
018831.jpg,57,b,IN,0.0
018833.jpg,61,c,IN,0.0
018964.jpg,18,c,IN,0.0
018967.jpg,18,b,IN,0.0
018980.jpg,53,b,IN,0.0
018984.jpg,57,b,IN,0.0
018988.jpg,19,a,IN,0.0
018991.jpg,58,a,IN,0.0
018995.jpg,65,a,IN,0.0
018998.jpg,15,c,IN,0.0
019012.jpg,23,b,IN,0.0
019014.jpg,62,c,IN,0.0
019015.jpg,62,b,IN,0.0
019151.jpg,54,c,IN,0.0
019161.jpg,62,c,IN,0.0
019170.jpg,65,b,IN,0.0
019182.jpg,55,a,IN,0.0
019185.jpg,59,a,IN,0.0
019196.jpg,55,c,IN,0.0
019352.jpg,20,c,IN,0.0
019356.jpg,20,b,IN,0.0
019371.jpg,31,b,IN,1.0
019393.jpg,59,b,IN,0.0
019408.jpg,71,c,IN,1.0
019428.jpg,21,c,IN,0.0
019434.jpg,25,b,IN,0.0
019599.jpg,21,c,IN,0.0
019608.jpg,25,b,IN,0.0
019615.jpg,56,c,IN,0.0
019625.jpg,60,b,IN,0.0
019633.jpg,105,a,K,0.0
019641.jpg,121,a,K,0.0
019642.jpg,124,a,K,0.0
019644.jpg,128,a,K,0.0
019645.jpg,129,a,K,0.0
019646.jpg,73,a,K,0.0
019648.jpg,75,a,K,0.0
019649.jpg,77,a,K,0.0
019651.jpg,112,c,K,0.0
019652.jpg,117,c,K,0.0
019653.jpg,73,c,K,0.0
019654.jpg,105,f,K,0.0
019655.jpg,107,f,K,0.0
019656.jpg,108,f,K,0.0
019657.jpg,109,f,K,0.0
019658.jpg,112,f,K,0.0
019659.jpg,113,f,K,0.0
019660.jpg,116,f,K,0.0
019661.jpg,117,f,K,0.0
019662.jpg,121,f,K,0.0
019663.jpg,124,f,K,0.0
019664.jpg,125,f,K,0.0
019665.jpg,128,f,K,0.0
019666.jpg,129,f,K,0.0
019667.jpg,73,f,K,0.0
019668.jpg,74,f,K,0.0
019669.jpg,75,f,K,0.0
019670.jpg,76,f,K,0.0
019671.jpg,77,f,K,0.0
019672.jpg,78,f,K,0.0
019673.jpg,109,g,K,0.0
019674.jpg,112,g,K,0.0
019675.jpg,116,g,K,0.0
019676.jpg,77,g,K,0.0
019677.jpg,78,g,K,0.0
019678.jpg,107,d,K,0.0
019679.jpg,112,d,K,0.0
019680.jpg,75,d,K,0.0
019681.jpg,76,d,K,0.0
019682.jpg,107,b,K,0.0
019683.jpg,108,b,K,0.0
019684.jpg,113,b,K,0.0
019685.jpg,121,b,K,0.0
019686.jpg,124,b,K,0.0
019687.jpg,125,b,K,0.0
019688.jpg,73,b,K,0.0
019689.jpg,78,b,K,0.0
019691.jpg,116,h,K,0.0
019692.jpg,76,h,K,0.0
019693.jpg,78,h,K,0.0
021515.jpg,106,a,KXN,0.0
021517.jpg,107,b,KXN,0.0
021518.jpg,107,a,KXN,0.0
021519.jpg,111,g,KXN,0.0
021520.jpg,111,b,KXN,0.0
021521.jpg,36,c,KXN,1.0
021522.jpg,36,j,KXN,1.0
021523.jpg,73,b,KXN,1.0
021524.jpg,73,j,KXN,1.0
021525.jpg,73,a,KXN,1.0
021526.jpg,84,c,KXN,0.0
021527.jpg,84,b,KXN,0.0
021528.jpg,84,j,KXN,0.0
021529.jpg,88,b,KXN,0.0
021530.jpg,105,b,KXN,0.0
021531.jpg,109,c,KXN,0.0
021532.jpg,109,b,KXN,0.0
021533.jpg,113,b,KXN,0.0
021534.jpg,75,g,KXN,1.0
021535.jpg,86,a,KXN,0.0
021536.jpg,90,j,KXN,0.0
021537.jpg,108,c,KXN,0.0
021538.jpg,108,g,KXN,0.0
021539.jpg,108,b,KXN,0.0
021540.jpg,112,b,KXN,0.0
021541.jpg,112,a,KXN,0.0
021542.jpg,117,c,KXN,0.0
021543.jpg,117,g,KXN,0.0
021544.jpg,33,c,KXN,1.0
021545.jpg,33,b,KXN,1.0
021546.jpg,33,j,KXN,1.0
021547.jpg,83,b,KXN,0.0
021548.jpg,85,c,KXN,0.0
021549.jpg,85,g,KXN,0.0
021550.jpg,85,b,KXN,0.0
021551.jpg,89,b,KXN,0.0
021552.jpg,89,j,KXN,0.0
021554.jpg,118,a,KXN,0.0
021556.jpg,92,g,KXN,0.0
021557.jpg,92,a,KXN,0.0
021558.jpg,122,a,KXN,0.0
021560.jpg,119,g,KXN,0.0
021563.jpg,130,c,KXN,0.0
021564.jpg,130,g,KXN,0.0
021565.jpg,93,c,KXN,0.0
021566.jpg,93,b,KXN,0.0
021567.jpg,97,b,KXN,0.0
021569.jpg,121,b,KXN,0.0
021570.jpg,121,a,KXN,0.0
021571.jpg,125,g,KXN,0.0
021573.jpg,129,c,KXN,0.0
021574.jpg,129,a,KXN,0.0
021575.jpg,38,a,KXN,1.0
021576.jpg,77,c,KXN,1.0
021577.jpg,77,j,KXN,1.0
021578.jpg,77,a,KXN,1.0
021580.jpg,99,a,KXN,0.0
021581.jpg,102,j,KXN,0.0
021582.jpg,120,c,KXN,0.0
021583.jpg,124,c,KXN,0.0
021584.jpg,124,g,KXN,0.0
021585.jpg,124,j,KXN,0.0
021586.jpg,124,a,KXN,0.0
021587.jpg,128,b,KXN,0.0
021588.jpg,98,c,KXN,0.0
021617.jpg,91,a,KXN,0.0
021659.jpg,110,a,KXN,0.0
021697.jpg,114,a,KXN,0.0
021786.jpg,91,e,KXN,0.0
021803.jpg,91,e,KXN,0.0
021810.jpg,87,e,KXN,0.0
021860.jpg,114,e,KXN,0.0
021885.jpg,110,e,KXN,0.0
021905.jpg,87,g,KXN,0.0
021921.jpg,87,g,KXN,0.0
022042.jpg,114,j,KXN,0.0
022187.jpg,73,e,KXN,1.0
022194.jpg,115,e,KXN,0.0
022251.jpg,88,e,KXN,0.0
022318.jpg,111,g,KXN,0.0
022322.jpg,107,g,KXN,0.0
022330.jpg,84,g,KXN,0.0
022358.jpg,88,g,KXN,0.0
022362.jpg,88,g,KXN,0.0
022397.jpg,73,j,KXN,1.0
022451.jpg,90,a,KXN,0.0
022467.jpg,34,a,KXN,1.0
022492.jpg,113,a,KXN,0.0
022503.jpg,113,a,KXN,0.0
022504.jpg,113,a,KXN,0.0
022580.jpg,109,e,KXN,0.0
022636.jpg,109,e,KXN,0.0
022689.jpg,86,g,KXN,0.0
022717.jpg,105,g,KXN,0.0
022718.jpg,105,g,KXN,0.0
022827.jpg,75,j,KXN,1.0
022838.jpg,33,a,KXN,1.0
022901.jpg,117,a,KXN,0.0
022929.jpg,120,e,KXN,0.0
022937.jpg,120,e,KXN,0.0
022948.jpg,120,e,KXN,0.0
023000.jpg,74,e,KXN,1.0
023016.jpg,117,e,KXN,0.0
023079.jpg,74,e,KXN,1.0
023119.jpg,89,e,KXN,0.0
023147.jpg,83,e,KXN,0.0
023149.jpg,85,e,KXN,0.0
023205.jpg,116,g,KXN,0.0
023282.jpg,89,g,KXN,0.0
023297.jpg,33,g,KXN,1.0
023316.jpg,112,j,KXN,0.0
023393.jpg,83,j,KXN,0.0
023431.jpg,33,j,KXN,1.0
023487.jpg,122,e,KXN,0.0
023524.jpg,92,e,KXN,0.0
023530.jpg,35,e,KXN,1.0
023651.jpg,126,e,KXN,0.0
023659.jpg,126,e,KXN,0.0
023701.jpg,35,e,KXN,1.0
023708.jpg,104,e,KXN,0.0
023776.jpg,122,e,KXN,0.0
023840.jpg,96,e,KXN,0.0
023843.jpg,96,e,KXN,0.0
023857.jpg,104,e,KXN,0.0
023859.jpg,104,e,KXN,0.0
023872.jpg,96,e,KXN,0.0
023925.jpg,122,e,KXN,0.0
023995.jpg,104,e,KXN,0.0
024103.jpg,122,e,KXN,0.0
024119.jpg,126,e,KXN,0.0
024156.jpg,100,e,KXN,0.0
024158.jpg,100,e,KXN,0.0
024202.jpg,35,e,KXN,1.0
024278.jpg,118,e,KXN,0.0
024285.jpg,118,e,KXN,0.0
024355.jpg,92,e,KXN,0.0
024361.jpg,96,e,KXN,0.0
024367.jpg,100,e,KXN,0.0
024448.jpg,126,g,KXN,0.0
024480.jpg,122,g,KXN,0.0
024486.jpg,126,g,KXN,0.0
024490.jpg,92,g,KXN,0.0
024551.jpg,35,g,KXN,1.0
024652.jpg,96,j,KXN,0.0
024680.jpg,100,j,KXN,0.0
024720.jpg,76,a,KXN,1.0
024762.jpg,130,a,KXN,0.0
024768.jpg,130,a,KXN,0.0
024827.jpg,76,e,KXN,1.0
024829.jpg,76,e,KXN,1.0
024855.jpg,119,e,KXN,0.0
024863.jpg,123,e,KXN,0.0
024868.jpg,119,e,KXN,0.0
024894.jpg,76,e,KXN,1.0
024899.jpg,127,e,KXN,0.0
025007.jpg,123,e,KXN,0.0
025033.jpg,76,e,KXN,1.0
025039.jpg,76,e,KXN,1.0
025055.jpg,119,e,KXN,0.0
025133.jpg,93,e,KXN,0.0
025137.jpg,93,e,KXN,0.0
025165.jpg,97,e,KXN,0.0
025166.jpg,93,e,KXN,0.0
025181.jpg,119,e,KXN,0.0
025208.jpg,123,e,KXN,0.0
025229.jpg,123,e,KXN,0.0
025265.jpg,127,e,KXN,0.0
025269.jpg,127,e,KXN,0.0
025277.jpg,127,e,KXN,0.0
025318.jpg,119,e,KXN,0.0
025339.jpg,123,e,KXN,0.0
025409.jpg,130,e,KXN,0.0
025412.jpg,130,e,KXN,0.0
025413.jpg,130,e,KXN,0.0
025485.jpg,97,e,KXN,0.0
025544.jpg,93,e,KXN,0.0
025554.jpg,93,e,KXN,0.0
025556.jpg,93,e,KXN,0.0
025572.jpg,101,e,KXN,0.0
025689.jpg,119,e,KXN,0.0
025717.jpg,76,e,KXN,1.0
025744.jpg,123,e,KXN,0.0
025790.jpg,76,e,KXN,1.0
025793.jpg,93,e,KXN,0.0
025799.jpg,93,e,KXN,0.0
025832.jpg,97,e,KXN,0.0
025841.jpg,101,e,KXN,0.0
025842.jpg,101,e,KXN,0.0
025862.jpg,119,e,KXN,0.0
025919.jpg,130,e,KXN,0.0
025926.jpg,130,e,KXN,0.0
025983.jpg,130,e,KXN,0.0
025989.jpg,101,e,KXN,0.0
026013.jpg,97,e,KXN,0.0
026017.jpg,119,e,KXN,0.0
026021.jpg,119,e,KXN,0.0
026053.jpg,76,e,KXN,1.0
026083.jpg,119,e,KXN,0.0
026152.jpg,101,e,KXN,0.0
026208.jpg,119,g,KXN,0.0
026218.jpg,127,g,KXN,0.0
026232.jpg,130,g,KXN,0.0
026274.jpg,93,g,KXN,0.0
026287.jpg,76,j,KXN,1.0
026418.jpg,121,a,KXN,0.0
026435.jpg,121,a,KXN,0.0
026450.jpg,129,a,KXN,0.0
026455.jpg,129,a,KXN,0.0
026632.jpg,99,e,KXN,0.0
026647.jpg,99,e,KXN,0.0
026666.jpg,38,e,KXN,1.0
026700.jpg,125,e,KXN,0.0
026746.jpg,77,e,KXN,1.0
026794.jpg,95,e,KXN,0.0
026828.jpg,103,e,KXN,0.0
026846.jpg,103,e,KXN,0.0
026855.jpg,95,e,KXN,0.0
026857.jpg,121,e,KXN,0.0
026864.jpg,121,e,KXN,0.0
026884.jpg,125,e,KXN,0.0
026902.jpg,121,e,KXN,0.0
026907.jpg,121,e,KXN,0.0
026919.jpg,125,e,KXN,0.0
027126.jpg,103,e,KXN,0.0
027152.jpg,77,e,KXN,1.0
027216.jpg,103,e,KXN,0.0
027222.jpg,99,e,KXN,0.0
027241.jpg,103,e,KXN,0.0
027317.jpg,99,g,KXN,0.0
027327.jpg,38,g,KXN,1.0
027354.jpg,125,g,KXN,0.0
027388.jpg,95,j,KXN,0.0
027389.jpg,95,j,KXN,0.0
027397.jpg,103,j,KXN,0.0
027416.jpg,38,j,KXN,1.0
027421.jpg,121,j,KXN,0.0
027449.jpg,129,j,KXN,0.0
027490.jpg,102,a,KXN,0.0
027502.jpg,94,a,KXN,0.0
027505.jpg,94,a,KXN,0.0
027642.jpg,124,e,KXN,0.0
027692.jpg,120,e,KXN,0.0
027714.jpg,128,e,KXN,0.0
027717.jpg,128,e,KXN,0.0
027723.jpg,120,e,KXN,0.0
027768.jpg,94,e,KXN,0.0
027789.jpg,37,e,KXN,1.0
027840.jpg,124,e,KXN,0.0
027873.jpg,78,e,KXN,1.0
027916.jpg,124,e,KXN,0.0
027927.jpg,102,e,KXN,0.0
027960.jpg,37,e,KXN,1.0
027974.jpg,37,e,KXN,1.0
027983.jpg,37,e,KXN,1.0
028023.jpg,78,e,KXN,1.0
028050.jpg,78,e,KXN,1.0
028086.jpg,98,e,KXN,0.0
028107.jpg,94,e,KXN,0.0
028108.jpg,94,e,KXN,0.0
028119.jpg,37,e,KXN,1.0
028146.jpg,120,e,KXN,0.0
028248.jpg,120,e,KXN,0.0
028255.jpg,78,e,KXN,1.0
028259.jpg,124,e,KXN,0.0
028409.jpg,78,e,KXN,1.0
028465.jpg,94,g,KXN,0.0
028469.jpg,98,g,KXN,0.0
028516.jpg,94,j,KXN,0.0
028560.jpg,128,j,KXN,0.0
