filename,strain_id
000210.jpg,0
000503.jpg,0
000506.jpg,0
000511.jpg,0
000531.jpg,0
000535.jpg,0
000545.jpg,0
000547.jpg,0
000548.jpg,0
000553.jpg,0
000556.jpg,0
000557.jpg,0
000560.jpg,0
000566.jpg,0
000574.jpg,0
000579.jpg,0
000588.jpg,0
000590.jpg,0
000593.jpg,0
000597.jpg,0
000602.jpg,0
000609.jpg,0
000614.jpg,0
000617.jpg,0
000625.jpg,0
000630.jpg,0
000633.jpg,0
000637.jpg,0
000643.jpg,0
000644.jpg,0
000654.jpg,0
000668.jpg,0
000673.jpg,0
000681.jpg,0
000685.jpg,0
000693.jpg,0
000698.jpg,0
000706.jpg,0
000716.jpg,0
000724.jpg,0
000727.jpg,0
000730.jpg,0
000738.jpg,0
000740.jpg,0
000741.jpg,0
000744.jpg,0
000751.jpg,0
000765.jpg,0
000772.jpg,0
000779.jpg,0
000784.jpg,0
000794.jpg,0
000799.jpg,0
000803.jpg,0
000806.jpg,0
000810.jpg,0
000815.jpg,0
000819.jpg,0
000823.jpg,0
000826.jpg,0
000831.jpg,0
000836.jpg,0
000844.jpg,0
000849.jpg,0
000850.jpg,0
001109.jpg,0
001115.jpg,0
001122.jpg,0
001124.jpg,0
001131.jpg,0
001136.jpg,0
001151.jpg,0
001164.jpg,0
001167.jpg,0
001171.jpg,0
001173.jpg,0
001174.jpg,0
001178.jpg,0
001187.jpg,0
001199.jpg,0
001201.jpg,0
001204.jpg,0
001206.jpg,0
001219.jpg,0
001220.jpg,0
001223.jpg,0
001230.jpg,0
001234.jpg,0
001243.jpg,0
001244.jpg,0
001465.jpg,0
001466.jpg,0
001469.jpg,0
001477.jpg,0
001481.jpg,0
001488.jpg,0
001490.jpg,0
001502.jpg,0
001506.jpg,0
001526.jpg,0
001529.jpg,0
001535.jpg,0
001541.jpg,0
001548.jpg,0
001549.jpg,0
001551.jpg,0
001558.jpg,0
001565.jpg,0
001572.jpg,0
001575.jpg,0
001577.jpg,0
001585.jpg,0
001601.jpg,0
001612.jpg,0
001858.jpg,0
001864.jpg,0
001880.jpg,0
001902.jpg,0
001904.jpg,0
001913.jpg,0
001933.jpg,0
001937.jpg,0
001948.jpg,0
001955.jpg,0
001959.jpg,0
001961.jpg,0
001965.jpg,0
001968.jpg,0
001974.jpg,0
001975.jpg,0
001976.jpg,0
001980.jpg,0
001989.jpg,0
001995.jpg,0
002003.jpg,0
002006.jpg,0
002018.jpg,0
002023.jpg,0
002034.jpg,0
002037.jpg,0
002045.jpg,0
002047.jpg,0
002375.jpg,0
002384.jpg,0
002387.jpg,0
002393.jpg,0
002417.jpg,0
002424.jpg,0
002438.jpg,0
002446.jpg,0
002449.jpg,0
002451.jpg,0
002452.jpg,0
002453.jpg,0
002454.jpg,0
002455.jpg,0
002456.jpg,0
002457.jpg,0
002458.jpg,0
002459.jpg,0
002460.jpg,0
002461.jpg,0
002462.jpg,0
002463.jpg,0
002464.jpg,0
002465.jpg,0
002466.jpg,0
002467.jpg,0
002468.jpg,0
002469.jpg,0
002470.jpg,0
002471.jpg,0
002472.jpg,0
002473.jpg,0
002474.jpg,0
002475.jpg,0
002476.jpg,0
002477.jpg,0
002478.jpg,0
002479.jpg,0
002480.jpg,0
002481.jpg,0
002482.jpg,0
002483.jpg,0
002484.jpg,0
002485.jpg,0
002486.jpg,0
002487.jpg,0
002488.jpg,0
002489.jpg,0
002490.jpg,0
002491.jpg,0
002492.jpg,0
002493.jpg,0
002494.jpg,0
002495.jpg,0
002496.jpg,0
002497.jpg,0
002498.jpg,0
002499.jpg,0
002500.jpg,0
002501.jpg,0
002502.jpg,0
002503.jpg,0
002504.jpg,0
002505.jpg,0
002506.jpg,0
002507.jpg,0
002508.jpg,0
002509.jpg,0
002510.jpg,0
002511.jpg,0
002512.jpg,0
002513.jpg,0
002514.jpg,0
002515.jpg,0
002516.jpg,0
002517.jpg,0
002518.jpg,0
002519.jpg,0
002520.jpg,0
002521.jpg,0
002522.jpg,0
004921.jpg,0
004922.jpg,0
004923.jpg,0
004924.jpg,0
004925.jpg,0
004926.jpg,0
004927.jpg,0
004928.jpg,0
004929.jpg,0
004930.jpg,0
004931.jpg,0
004932.jpg,0
004933.jpg,0
004934.jpg,0
004935.jpg,0
004936.jpg,0
004937.jpg,0
004938.jpg,0
004939.jpg,0
004940.jpg,0
004941.jpg,0
004942.jpg,0
004943.jpg,0
004944.jpg,0
004945.jpg,0
004946.jpg,0
004947.jpg,0
004948.jpg,0
004949.jpg,0
004950.jpg,0
004951.jpg,0
004952.jpg,0
004953.jpg,0
004954.jpg,0
004955.jpg,0
004956.jpg,0
004957.jpg,0
004958.jpg,0
004959.jpg,0
004960.jpg,0
004961.jpg,0
004962.jpg,0
004963.jpg,0
004964.jpg,0
004965.jpg,0
004966.jpg,0
004967.jpg,0
004968.jpg,0
004969.jpg,0
004970.jpg,0
004971.jpg,0
004972.jpg,0
004973.jpg,0
004974.jpg,0
004975.jpg,0
004976.jpg,0
004977.jpg,0
004978.jpg,0
004979.jpg,0
004980.jpg,0
004981.jpg,0
004982.jpg,0
004983.jpg,0
004984.jpg,0
004985.jpg,0
004986.jpg,0
004987.jpg,0
004988.jpg,0
004989.jpg,0
004990.jpg,0
004991.jpg,0
004992.jpg,0
004993.jpg,0
004994.jpg,0
004995.jpg,0
004996.jpg,0
004997.jpg,0
004998.jpg,0
004999.jpg,0
005000.jpg,0
005001.jpg,0
005002.jpg,0
005003.jpg,0
005004.jpg,0
005005.jpg,0
005006.jpg,0
005007.jpg,0
005008.jpg,0
005009.jpg,0
005010.jpg,0
005011.jpg,0
005012.jpg,0
005013.jpg,0
005014.jpg,0
005015.jpg,0
005016.jpg,0
005017.jpg,0
005018.jpg,0
005019.jpg,0
005020.jpg,0
005021.jpg,0
005022.jpg,0
005023.jpg,0
005024.jpg,0
005025.jpg,0
005026.jpg,0
005027.jpg,0
005028.jpg,0
005029.jpg,0
005030.jpg,0
005031.jpg,0
005032.jpg,0
005033.jpg,0
005034.jpg,0
005035.jpg,0
005036.jpg,0
005037.jpg,0
005038.jpg,0
005039.jpg,0
005040.jpg,0
005041.jpg,0
005042.jpg,0
005043.jpg,0
005044.jpg,0
005045.jpg,0
005046.jpg,0
005047.jpg,0
005048.jpg,0
005049.jpg,0
005050.jpg,0
005051.jpg,0
005052.jpg,0
005053.jpg,0
005054.jpg,0
005055.jpg,0
005056.jpg,0
005057.jpg,0
005058.jpg,0
005059.jpg,0
005060.jpg,0
005061.jpg,0
005062.jpg,0
005063.jpg,0
005064.jpg,0
005065.jpg,0
005066.jpg,0
005067.jpg,0
005068.jpg,0
005069.jpg,0
005070.jpg,0
005071.jpg,0
005072.jpg,0
005073.jpg,0
005074.jpg,0
005075.jpg,0
005076.jpg,0
005078.jpg,0
005079.jpg,0
005080.jpg,0
005081.jpg,0
005082.jpg,0
005083.jpg,0
005084.jpg,0
005085.jpg,0
005086.jpg,0
005087.jpg,0
005088.jpg,0
005089.jpg,0
005090.jpg,0
005091.jpg,0
005092.jpg,0
005093.jpg,0
005094.jpg,0
005095.jpg,0
005096.jpg,0
005097.jpg,0
005098.jpg,0
005099.jpg,0
005100.jpg,0
005101.jpg,0
005102.jpg,0
005103.jpg,0
005104.jpg,0
005105.jpg,0
005107.jpg,0
005108.jpg,0
005109.jpg,0
005110.jpg,0
005111.jpg,0
005112.jpg,0
005113.jpg,0
005114.jpg,0
005115.jpg,0
005116.jpg,0
005117.jpg,0
005118.jpg,0
005119.jpg,0
005120.jpg,0
005121.jpg,0
005122.jpg,0
005123.jpg,0
005124.jpg,0
005125.jpg,0
005126.jpg,0
005127.jpg,0
005128.jpg,0
005129.jpg,0
005130.jpg,0
005131.jpg,0
005132.jpg,0
005133.jpg,0
005134.jpg,0
005135.jpg,0
005136.jpg,0
005137.jpg,0
005138.jpg,0
005139.jpg,0
005140.jpg,0
005141.jpg,0
005142.jpg,0
005143.jpg,0
005144.jpg,0
005145.jpg,0
005146.jpg,0
005147.jpg,0
005148.jpg,0
005149.jpg,0
005151.jpg,0
005159.jpg,0
005204.jpg,0
005220.jpg,0
005274.jpg,0
005302.jpg,0
005360.jpg,0
005372.jpg,0
005392.jpg,0
005394.jpg,0
005469.jpg,0
005549.jpg,0
005560.jpg,0
005565.jpg,0
005580.jpg,0
005584.jpg,0
005609.jpg,0
005662.jpg,0
005790.jpg,0
005802.jpg,0
005832.jpg,0
005839.jpg,0
005897.jpg,0
005923.jpg,0
005978.jpg,0
006007.jpg,0
006036.jpg,0
006047.jpg,0
006194.jpg,0
006201.jpg,0
006233.jpg,0
006285.jpg,0
006303.jpg,0
006351.jpg,0
006378.jpg,0
006406.jpg,0
006416.jpg,0
006490.jpg,0
006557.jpg,0
006575.jpg,0
006592.jpg,0
006659.jpg,0
006666.jpg,0
006723.jpg,0
006739.jpg,0
006815.jpg,0
006829.jpg,0
006847.jpg,0
006895.jpg,0
006897.jpg,0
006898.jpg,0
006909.jpg,0
006915.jpg,0
006926.jpg,0
006965.jpg,0
006993.jpg,0
007030.jpg,0
007079.jpg,0
007080.jpg,0
007103.jpg,0
007127.jpg,0
007131.jpg,0
007150.jpg,0
007155.jpg,0
007163.jpg,0
007165.jpg,0
007169.jpg,0
007174.jpg,0
007226.jpg,0
007228.jpg,0
007351.jpg,0
007398.jpg,0
007416.jpg,0
007423.jpg,0
007433.jpg,0
007436.jpg,0
007449.jpg,0
007453.jpg,0
007473.jpg,0
007566.jpg,0
007638.jpg,0
007666.jpg,0
007679.jpg,0
007849.jpg,0
007853.jpg,0
007858.jpg,0
007994.jpg,0
008011.jpg,0
008205.jpg,0
008208.jpg,0
008230.jpg,0
008291.jpg,0
008308.jpg,0
008327.jpg,0
008350.jpg,0
008390.jpg,0
008396.jpg,0
008412.jpg,0
008436.jpg,0
008485.jpg,0
008547.jpg,0
008555.jpg,0
008574.jpg,0
008591.jpg,0
008699.jpg,0
008723.jpg,0
008747.jpg,0
008794.jpg,0
008796.jpg,0
008822.jpg,0
008837.jpg,0
008841.jpg,0
008967.jpg,0
009038.jpg,0
009179.jpg,0
009186.jpg,0
009205.jpg,0
009222.jpg,0
009223.jpg,0
009249.jpg,0
009305.jpg,0
009339.jpg,0
009527.jpg,0
009531.jpg,0
009554.jpg,0
009602.jpg,0
009660.jpg,0
009669.jpg,0
009684.jpg,0
009778.jpg,0
009799.jpg,0
009843.jpg,0
009900.jpg,0
009923.jpg,0
009926.jpg,0
009960.jpg,0
010009.jpg,0
010029.jpg,0
010128.jpg,0
010139.jpg,0
010233.jpg,0
010287.jpg,0
010324.jpg,0
010330.jpg,0
010379.jpg,0
010409.jpg,0
010414.jpg,0
010416.jpg,0
010437.jpg,0
010471.jpg,0
010495.jpg,0
010554.jpg,0
010578.jpg,0
010671.jpg,0
010743.jpg,0
010791.jpg,0
010874.jpg,0
010896.jpg,0
010952.jpg,0
010960.jpg,0
011045.jpg,0
011096.jpg,0
011100.jpg,0
011102.jpg,0
011245.jpg,0
011278.jpg,0
011281.jpg,0
011323.jpg,0
011358.jpg,0
011377.jpg,0
011457.jpg,0
011497.jpg,0
011498.jpg,0
011501.jpg,0
011502.jpg,0
011504.jpg,0
011510.jpg,0
011588.jpg,0
011612.jpg,0
011660.jpg,0
011661.jpg,0
011688.jpg,0
011726.jpg,0
011741.jpg,0
011771.jpg,0
011930.jpg,0
012004.jpg,0
012009.jpg,0
012040.jpg,0
012070.jpg,0
012098.jpg,0
012102.jpg,0
012147.jpg,0
012174.jpg,0
012186.jpg,0
012274.jpg,0
012280.jpg,0
012312.jpg,0
012332.jpg,0
012366.jpg,0
012398.jpg,0
012412.jpg,0
012429.jpg,0
012433.jpg,0
012484.jpg,0
012491.jpg,0
012549.jpg,0
012565.jpg,0
012571.jpg,0
012605.jpg,0
012687.jpg,0
012695.jpg,0
012722.jpg,0
012726.jpg,0
012738.jpg,0
012739.jpg,0
012742.jpg,0
012769.jpg,0
012777.jpg,0
012804.jpg,0
012819.jpg,0
012850.jpg,0
012859.jpg,0
012870.jpg,0
012883.jpg,0
012912.jpg,0
012971.jpg,0
012984.jpg,0
013023.jpg,0
013039.jpg,0
013073.jpg,0
013079.jpg,0
013094.jpg,0
013100.jpg,0
013134.jpg,0
013197.jpg,0
013215.jpg,0
013222.jpg,0
013296.jpg,0
013306.jpg,0
013318.jpg,0
013325.jpg,0
013378.jpg,0
013412.jpg,0
013581.jpg,0
013593.jpg,0
013600.jpg,0
013616.jpg,0
013619.jpg,0
013647.jpg,0
013694.jpg,0
013706.jpg,0
013721.jpg,0
013804.jpg,0
013875.jpg,0
013883.jpg,0
013888.jpg,0
013939.jpg,0
013941.jpg,0
013943.jpg,0
013962.jpg,0
014045.jpg,0
014057.jpg,0
014073.jpg,0
014089.jpg,0
014130.jpg,0
014168.jpg,0
014210.jpg,0
014222.jpg,0
014233.jpg,0
014234.jpg,0
014270.jpg,0
014280.jpg,0
014315.jpg,0
014343.jpg,0
014349.jpg,0
014378.jpg,0
014490.jpg,0
014492.jpg,0
014562.jpg,0
014595.jpg,0
014601.jpg,0
014642.jpg,0
014668.jpg,0
014738.jpg,0
014742.jpg,0
014744.jpg,0
014782.jpg,0
014826.jpg,0
014832.jpg,0
014839.jpg,0
014853.jpg,0
014880.jpg,0
014890.jpg,0
014920.jpg,0
014944.jpg,0
014953.jpg,0
014980.jpg,0
014984.jpg,0
014998.jpg,0
015008.jpg,0
015015.jpg,0
015021.jpg,0
015054.jpg,0
015067.jpg,0
015083.jpg,0
015137.jpg,0
015180.jpg,0
015217.jpg,0
015270.jpg,0
015284.jpg,0
015340.jpg,0
015360.jpg,0
015369.jpg,0
015413.jpg,0
015456.jpg,0
015459.jpg,0
015466.jpg,0
015477.jpg,0
015514.jpg,0
015613.jpg,0
015618.jpg,0
015691.jpg,0
015721.jpg,0
015728.jpg,0
015786.jpg,0
015897.jpg,0
015986.jpg,0
015998.jpg,0
016006.jpg,0
016010.jpg,0
016038.jpg,0
016046.jpg,0
016058.jpg,0
016072.jpg,0
016094.jpg,0
016142.jpg,0
016175.jpg,0
016185.jpg,0
016314.jpg,0
016347.jpg,0
016354.jpg,0
016399.jpg,0
016408.jpg,0
016460.jpg,0
016529.jpg,0
016618.jpg,0
016642.jpg,0
016644.jpg,0
016669.jpg,0
016691.jpg,0
016694.jpg,0
016726.jpg,0
016803.jpg,0
016810.jpg,0
016824.jpg,0
016832.jpg,0
016862.jpg,0
016936.jpg,0
016988.jpg,0
017028.jpg,0
017054.jpg,0
017060.jpg,0
017083.jpg,0
017091.jpg,0
017103.jpg,0
017113.jpg,0
017165.jpg,0
017170.jpg,0
017193.jpg,0
017204.jpg,0
017215.jpg,0
017217.jpg,0
017229.jpg,0
017312.jpg,0
017338.jpg,0
017342.jpg,0
017396.jpg,0
017405.jpg,0
017417.jpg,0
017430.jpg,0
017454.jpg,0
017461.jpg,0
017543.jpg,0
017655.jpg,0
017659.jpg,0
017681.jpg,0
017709.jpg,0
017806.jpg,0
017833.jpg,0
017861.jpg,0
017879.jpg,0
018220.jpg,0
018222.jpg,0
018245.jpg,0
018358.jpg,0
018362.jpg,0
018363.jpg,0
018364.jpg,0
018365.jpg,0
018366.jpg,0
018369.jpg,0
018650.jpg,0
018677.jpg,0
018680.jpg,0
018683.jpg,0
018704.jpg,0
018710.jpg,0
018727.jpg,0
018734.jpg,0
018749.jpg,0
018763.jpg,0
018771.jpg,0
018774.jpg,0
018783.jpg,0
018787.jpg,0
018792.jpg,0
018794.jpg,0
018797.jpg,0
018799.jpg,0
018802.jpg,0
018808.jpg,0
018813.jpg,0
018820.jpg,0
018823.jpg,0
018831.jpg,0
018833.jpg,0
018964.jpg,0
018967.jpg,0
018980.jpg,0
018984.jpg,0
018988.jpg,0
018991.jpg,0
018995.jpg,0
018998.jpg,0
019012.jpg,0
019014.jpg,0
019015.jpg,0
019151.jpg,0
019161.jpg,0
019170.jpg,0
019182.jpg,0
019185.jpg,0
019196.jpg,0
019352.jpg,0
019356.jpg,0
019371.jpg,0
019393.jpg,0
019408.jpg,0
019428.jpg,0
019434.jpg,0
019599.jpg,0
019608.jpg,0
019615.jpg,0
019625.jpg,0
019633.jpg,0
019641.jpg,0
019642.jpg,0
019644.jpg,0
019645.jpg,0
019646.jpg,0
019648.jpg,0
019649.jpg,0
019651.jpg,0
019652.jpg,0
019653.jpg,0
019654.jpg,0
019655.jpg,0
019656.jpg,0
019657.jpg,0
019658.jpg,0
019659.jpg,0
019660.jpg,0
019661.jpg,0
019662.jpg,0
019663.jpg,0
019664.jpg,0
019665.jpg,0
019666.jpg,0
019667.jpg,0
019668.jpg,0
019669.jpg,0
019670.jpg,0
019671.jpg,0
019672.jpg,0
019673.jpg,0
019674.jpg,0
019675.jpg,0
019676.jpg,0
019677.jpg,0
019678.jpg,0
019679.jpg,0
019680.jpg,0
019681.jpg,0
019682.jpg,0
019683.jpg,0
019684.jpg,0
019685.jpg,0
019686.jpg,0
019687.jpg,0
019688.jpg,0
019689.jpg,0
019691.jpg,0
019692.jpg,0
019693.jpg,0
021515.jpg,0
021517.jpg,0
021518.jpg,0
021519.jpg,0
021520.jpg,0
021521.jpg,0
021522.jpg,0
021523.jpg,0
021524.jpg,0
021525.jpg,0
021526.jpg,0
021527.jpg,0
021528.jpg,0
021529.jpg,0
021530.jpg,0
021531.jpg,0
021532.jpg,0
021533.jpg,0
021534.jpg,0
021535.jpg,0
021536.jpg,0
021537.jpg,0
021538.jpg,0
021539.jpg,0
021540.jpg,0
021541.jpg,0
021542.jpg,0
021543.jpg,0
021544.jpg,0
021545.jpg,0
021546.jpg,0
021547.jpg,0
021548.jpg,0
021549.jpg,0
021550.jpg,0
021551.jpg,0
021552.jpg,0
021554.jpg,0
021556.jpg,0
021557.jpg,0
021558.jpg,0
021560.jpg,0
021563.jpg,0
021564.jpg,0
021565.jpg,0
021566.jpg,0
021567.jpg,0
021569.jpg,0
021570.jpg,0
021571.jpg,0
021573.jpg,0
021574.jpg,0
021575.jpg,0
021576.jpg,0
021577.jpg,0
021578.jpg,0
021580.jpg,0
021581.jpg,0
021582.jpg,0
021583.jpg,0
021584.jpg,0
021585.jpg,0
021586.jpg,0
021587.jpg,0
021588.jpg,0
021617.jpg,0
021659.jpg,0
021697.jpg,0
021786.jpg,0
021803.jpg,0
021810.jpg,0
021860.jpg,0
021885.jpg,0
021905.jpg,0
021921.jpg,0
022042.jpg,0
022187.jpg,0
022194.jpg,0
022251.jpg,0
022318.jpg,0
022322.jpg,0
022330.jpg,0
022358.jpg,0
022362.jpg,0
022397.jpg,0
022451.jpg,0
022467.jpg,0
022492.jpg,0
022503.jpg,0
022504.jpg,0
022580.jpg,0
022636.jpg,0
022689.jpg,0
022717.jpg,0
022718.jpg,0
022827.jpg,0
022838.jpg,0
022901.jpg,0
022929.jpg,0
022937.jpg,0
022948.jpg,0
023000.jpg,0
023016.jpg,0
023079.jpg,0
023119.jpg,0
023147.jpg,0
023149.jpg,0
023205.jpg,0
023282.jpg,0
023297.jpg,0
023316.jpg,0
023393.jpg,0
023431.jpg,0
023487.jpg,0
023524.jpg,0
023530.jpg,0
023651.jpg,0
023659.jpg,0
023701.jpg,0
023708.jpg,0
023776.jpg,0
023840.jpg,0
023843.jpg,0
023857.jpg,0
023859.jpg,0
023872.jpg,0
023925.jpg,0
023995.jpg,0
024103.jpg,0
024119.jpg,0
024156.jpg,0
024158.jpg,0
024202.jpg,0
024278.jpg,0
024285.jpg,0
024355.jpg,0
024361.jpg,0
024367.jpg,0
024448.jpg,0
024480.jpg,0
024486.jpg,0
024490.jpg,0
024551.jpg,0
024652.jpg,0
024680.jpg,0
024720.jpg,0
024762.jpg,0
024768.jpg,0
024827.jpg,0
024829.jpg,0
024855.jpg,0
024863.jpg,0
024868.jpg,0
024894.jpg,0
024899.jpg,0
025007.jpg,0
025033.jpg,0
025039.jpg,0
025055.jpg,0
025133.jpg,0
025137.jpg,0
025165.jpg,0
025166.jpg,0
025181.jpg,0
025208.jpg,0
025229.jpg,0
025265.jpg,0
025269.jpg,0
025277.jpg,0
025318.jpg,0
025339.jpg,0
025409.jpg,0
025412.jpg,0
025413.jpg,0
025485.jpg,0
025544.jpg,0
025554.jpg,0
025556.jpg,0
025572.jpg,0
025689.jpg,0
025717.jpg,0
025744.jpg,0
025790.jpg,0
025793.jpg,0
025799.jpg,0
025832.jpg,0
025841.jpg,0
025842.jpg,0
025862.jpg,0
025919.jpg,0
025926.jpg,0
025983.jpg,0
025989.jpg,0
026013.jpg,0
026017.jpg,0
026021.jpg,0
026053.jpg,0
026083.jpg,0
026152.jpg,0
026208.jpg,0
026218.jpg,0
026232.jpg,0
026274.jpg,0
026287.jpg,0
026418.jpg,0
026435.jpg,0
026450.jpg,0
026455.jpg,0
026632.jpg,0
026647.jpg,0
026666.jpg,0
026700.jpg,0
026746.jpg,0
026794.jpg,0
026828.jpg,0
026846.jpg,0
026855.jpg,0
026857.jpg,0
026864.jpg,0
026884.jpg,0
026902.jpg,0
026907.jpg,0
026919.jpg,0
027126.jpg,0
027152.jpg,0
027216.jpg,0
027222.jpg,0
027241.jpg,0
027317.jpg,0
027327.jpg,0
027354.jpg,0
027388.jpg,0
027389.jpg,0
027397.jpg,0
027416.jpg,0
027421.jpg,0
027449.jpg,0
027490.jpg,0
027502.jpg,0
027505.jpg,0
027642.jpg,0
027692.jpg,0
027714.jpg,0
027717.jpg,0
027723.jpg,0
027768.jpg,0
027789.jpg,0
027840.jpg,0
027873.jpg,0
027916.jpg,0
027927.jpg,0
027960.jpg,0
027974.jpg,0
027983.jpg,0
028023.jpg,0
028050.jpg,0
028086.jpg,0
028107.jpg,0
028108.jpg,0
028119.jpg,0
028146.jpg,0
028248.jpg,0
028255.jpg,0
028259.jpg,0
028409.jpg,0
028465.jpg,0
028469.jpg,0
028516.jpg,0
028560.jpg,0
aw_20200908_111119364_mouse_l_02564.jpg,1
aw_20200908_111119364_mouse_l_05900.jpg,1
aw_20200908_112448278_mouse_l_03448.jpg,1
aw_20200908_112448278_mouse_l_07531.jpg,1
aw_20200908_112448278_mouse_r_02122.jpg,1
aw_20200908_112448278_mouse_r_04129.jpg,1
aw_20200908_115014790_mouse_l_03746.jpg,1
aw_20200908_115014790_mouse_l_06736.jpg,1
aw_20200911_112303673_mouse_l_05431.jpg,1
aw_20200911_112303673_mouse_l_05516.jpg,1
aw_20200911_112303673_mouse_r_04948.jpg,1
aw_20200911_112303673_mouse_r_06233.jpg,1
aw_20200911_113109905_mouse_l_02234.jpg,1
aw_20200911_113109905_mouse_l_04927.jpg,1
aw_20200911_113846841_mouse_r_00391.jpg,1
aw_20200911_113846841_mouse_r_04131.jpg,1
aw_20200914_203608477_mouse_l_05814.jpg,1
aw_20200914_203608477_mouse_l_06134.jpg,1
aw_20200914_203608477_mouse_r_03628.jpg,1
aw_20200914_203608477_mouse_r_06070.jpg,1
aw_20200914_210056967_mouse_r_00574.jpg,1
aw_20200914_210056967_mouse_r_06746.jpg,1
aw_20200915_095027673_mouse_l_00693.jpg,1
aw_20200915_095027673_mouse_l_05368.jpg,1
aw_20200915_095027673_mouse_r_03767.jpg,1
aw_20200915_095027673_mouse_r_06447.jpg,1
aw_20200915_101424882_mouse_r_03740.jpg,1
aw_20200915_101424882_mouse_r_06752.jpg,1
aw_20200915_203150940_mouse_r_05829.jpg,1
aw_20200915_203150940_mouse_r_06123.jpg,1
aw_20200916_092034130_mouse_r_01072.jpg,1
aw_20200916_092034130_mouse_r_07925.jpg,1
aw_20200916_111305092_mouse_l_02367.jpg,1
aw_20200916_111305092_mouse_l_02578.jpg,1
aw_20200916_111305092_mouse_r_05264.jpg,1
aw_20200916_111305092_mouse_r_05470.jpg,1
aw_20200916_113802653_mouse_l_01649.jpg,1
aw_20200916_113802653_mouse_l_05660.jpg,1
aw_20200917_095514988_mouse_l_00153.jpg,1
aw_20200917_095514988_mouse_l_01804.jpg,1
aw_20200917_100646330_mouse_r_00186.jpg,1
aw_20200917_100646330_mouse_r_04113.jpg,1
aw_20200917_114055217_mouse_l_08320.jpg,1
aw_20200917_114055217_mouse_l_08631.jpg,1
aw_20200917_114055217_mouse_r_00569.jpg,1
aw_20200917_114055217_mouse_r_08051.jpg,1
aw_20200918_093650852_mouse_l_02872.jpg,1
aw_20200918_093650852_mouse_l_07144.jpg,1
aw_20200928_211531822_mouse_l_02932.jpg,1
aw_20200928_211531822_mouse_l_06877.jpg,1
aw_20200928_211531822_mouse_r_00109.jpg,1
aw_20200928_211531822_mouse_r_02710.jpg,1
aw_20200929_093950882_mouse_l_00085.jpg,1
aw_20200929_093950882_mouse_l_02731.jpg,1
aw_20200929_093950882_mouse_r_03407.jpg,1
aw_20200929_093950882_mouse_r_04255.jpg,1
aw_20200929_202741690_mouse_l_02924.jpg,1
aw_20200929_202741690_mouse_l_03927.jpg,1
aw_20200929_202741690_mouse_r_02945.jpg,1
aw_20200929_202741690_mouse_r_07494.jpg,1
aw_20200930_083540114_mouse_l_04448.jpg,1
aw_20200930_083540114_mouse_l_04898.jpg,1
aw_20200930_083540114_mouse_r_00520.jpg,1
aw_20200930_083540114_mouse_r_04654.jpg,1
aw_20200930_095645318_mouse_l_04206.jpg,1
aw_20200930_095645318_mouse_l_07762.jpg,1
aw_20200930_095645318_mouse_r_07399.jpg,1
aw_20200930_095645318_mouse_r_07508.jpg,1
aw_20201001_084403802_mouse_l_02008.jpg,1
aw_20201001_084403802_mouse_l_05798.jpg,1
aw_20201001_084403802_mouse_r_00591.jpg,1
aw_20201001_084403802_mouse_r_04328.jpg,1
aw_20201001_100306411_mouse_l_01859.jpg,1
aw_20201001_100306411_mouse_l_03282.jpg,1
aw_20201001_100306411_mouse_r_02268.jpg,1
aw_20201001_100306411_mouse_r_05856.jpg,1
aw_20201002_084504601_mouse_l_01906.jpg,1
aw_20201002_084504601_mouse_l_04397.jpg,1
aw_20201002_084504601_mouse_r_07844.jpg,1
aw_20201002_084504601_mouse_r_08012.jpg,1
aw_20201006_122658895_mouse_l_01940.jpg,1
aw_20201006_122658895_mouse_l_03872.jpg,1
aw_20201006_122658895_mouse_r_00904.jpg,1
aw_20201006_122658895_mouse_r_02923.jpg,1
aw_20201006_125038668_mouse_l_05273.jpg,1
aw_20201006_125038668_mouse_l_05818.jpg,1
aw_20201006_125038668_mouse_r_04108.jpg,1
aw_20201006_125038668_mouse_r_06350.jpg,1
aw_20201006_134013348_mouse_l_01483.jpg,1
aw_20201006_134013348_mouse_l_06561.jpg,1
aw_20201006_134013348_mouse_r_00882.jpg,1
aw_20201006_134013348_mouse_r_07657.jpg,1
aw_20201009_115853009_mouse_l_03377.jpg,1
aw_20201009_115853009_mouse_l_05986.jpg,1
aw_20201009_115853009_mouse_r_03744.jpg,1
aw_20201009_115853009_mouse_r_07206.jpg,1
aw_20201009_122654907_mouse_l_01232.jpg,1
aw_20201009_122654907_mouse_l_03632.jpg,1
aw_20201009_122654907_mouse_r_03599.jpg,1
aw_20201009_122654907_mouse_r_04665.jpg,1
aw_20201009_130446211_mouse_l_06576.jpg,1
aw_20201009_130446211_mouse_l_06806.jpg,1
aw_20201009_130446211_mouse_r_01508.jpg,1
aw_20201009_130446211_mouse_r_06641.jpg,1
aw_20201012_212758497_mouse_l_03289.jpg,1
aw_20201012_212758497_mouse_l_06953.jpg,1
aw_20201012_212758497_mouse_r_02875.jpg,1
aw_20201012_212758497_mouse_r_03215.jpg,1
aw_20201013_093641935_mouse_l_06682.jpg,1
aw_20201013_093641935_mouse_l_07591.jpg,1
aw_20201013_093641935_mouse_r_03712.jpg,1
aw_20201013_093641935_mouse_r_07467.jpg,1
aw_20201013_205751271_mouse_l_02137.jpg,1
aw_20201013_205751271_mouse_l_04577.jpg,1
aw_20201013_205751271_mouse_r_03517.jpg,1
aw_20201013_205751271_mouse_r_06610.jpg,1
aw_20201013_210846073_mouse_l_02836.jpg,1
aw_20201013_210846073_mouse_l_05116.jpg,1
aw_20201013_210846073_mouse_r_00913.jpg,1
aw_20201013_210846073_mouse_r_02581.jpg,1
aw_20201014_083731353_mouse_l_03072.jpg,1
aw_20201014_083731353_mouse_l_04378.jpg,1
aw_20201014_083731353_mouse_r_04046.jpg,1
aw_20201014_083731353_mouse_r_06779.jpg,1
aw_20201014_085356023_mouse_l_01738.jpg,1
aw_20201014_085356023_mouse_l_06930.jpg,1
aw_20201014_085356023_mouse_r_00726.jpg,1
aw_20201014_085356023_mouse_r_04373.jpg,1
aw_20201014_095048049_mouse_l_01880.jpg,1
aw_20201014_095048049_mouse_l_06510.jpg,1
aw_20201014_095048049_mouse_r_05524.jpg,1
aw_20201014_095048049_mouse_r_05954.jpg,1
aw_20201015_083448780_mouse_l_03246.jpg,1
aw_20201015_083448780_mouse_l_07085.jpg,1
aw_20201015_083448780_mouse_r_00997.jpg,1
aw_20201015_083448780_mouse_r_05405.jpg,1
aw_20201015_085143105_mouse_l_02581.jpg,1
aw_20201015_085143105_mouse_l_07103.jpg,1
aw_20201015_085143105_mouse_r_07621.jpg,1
aw_20201015_085143105_mouse_r_07706.jpg,1
aw_20201015_100614715_mouse_l_01919.jpg,1
aw_20201015_100614715_mouse_l_05998.jpg,1
aw_20201015_100614715_mouse_r_01111.jpg,1
aw_20201015_100614715_mouse_r_03894.jpg,1
aw_20201016_083859525_mouse_l_04022.jpg,1
aw_20201016_083859525_mouse_l_07718.jpg,1
aw_20201016_083859525_mouse_r_01744.jpg,1
aw_20201016_083859525_mouse_r_03489.jpg,1
aw_20201016_085707968_mouse_l_01143.jpg,1
aw_20201016_085707968_mouse_l_02990.jpg,1
aw_20201016_085707968_mouse_r_01540.jpg,1
aw_20201016_085707968_mouse_r_01673.jpg,1
aw_20201022_100909412_mouse_r_00044.jpg,1
aw_20201022_100909412_mouse_r_04703.jpg,1
aw_20201026_204814192_mouse_l_04405.jpg,1
aw_20201026_204814192_mouse_l_06497.jpg,1
aw_20201026_204814192_mouse_r_01545.jpg,1
aw_20201026_204814192_mouse_r_01649.jpg,1
aw_20201027_091716929_mouse_l_03719.jpg,1
aw_20201027_091716929_mouse_l_07438.jpg,1
aw_20201027_091716929_mouse_r_04751.jpg,1
aw_20201027_091716929_mouse_r_08577.jpg,1
aw_20201027_202955706_mouse_l_02601.jpg,1
aw_20201027_202955706_mouse_l_04145.jpg,1
aw_20201027_202955706_mouse_r_03826.jpg,1
aw_20201027_202955706_mouse_r_04909.jpg,1
aw_20201027_204112432_mouse_l_00363.jpg,1
aw_20201027_204112432_mouse_l_02290.jpg,1
aw_20201027_204112432_mouse_r_02055.jpg,1
aw_20201027_204112432_mouse_r_06116.jpg,1
aw_20201028_082814193_mouse_l_03359.jpg,1
aw_20201028_082814193_mouse_l_05765.jpg,1
aw_20201028_082814193_mouse_r_06566.jpg,1
aw_20201028_082814193_mouse_r_07620.jpg,1
aw_20201028_084638520_mouse_l_02511.jpg,1
aw_20201028_084638520_mouse_l_02963.jpg,1
aw_20201028_084638520_mouse_r_00706.jpg,1
aw_20201028_084638520_mouse_r_06883.jpg,1
aw_20201028_100634945_mouse_l_06825.jpg,1
aw_20201028_100634945_mouse_l_06906.jpg,1
aw_20201028_100634945_mouse_r_00108.jpg,1
aw_20201028_100634945_mouse_r_06068.jpg,1
aw_20201029_083438626_mouse_l_00877.jpg,1
aw_20201029_083438626_mouse_l_05069.jpg,1
aw_20201029_083438626_mouse_r_00116.jpg,1
aw_20201029_083438626_mouse_r_01094.jpg,1
aw_20201029_084925644_mouse_l_01107.jpg,1
aw_20201029_084925644_mouse_l_04618.jpg,1
aw_20201029_084925644_mouse_r_00936.jpg,1
aw_20201029_084925644_mouse_r_05184.jpg,1
aw_20201029_095853361_mouse_l_01923.jpg,1
aw_20201029_095853361_mouse_l_03355.jpg,1
aw_20201029_095853361_mouse_r_03155.jpg,1
aw_20201029_095853361_mouse_r_05003.jpg,1
aw_20201030_084523410_mouse_l_02115.jpg,1
aw_20201030_084523410_mouse_l_03115.jpg,1
aw_20201030_084523410_mouse_r_01426.jpg,1
aw_20201030_084523410_mouse_r_07661.jpg,1
aw_20201030_090657410_mouse_l_03151.jpg,1
aw_20201030_090657410_mouse_l_06126.jpg,1
aw_20201030_090657410_mouse_r_01984.jpg,1
aw_20201030_090657410_mouse_r_06111.jpg,1
aw_20201103_121417927_mouse_l_06661.jpg,1
aw_20201103_121417927_mouse_l_06776.jpg,1
aw_20201103_121417927_mouse_r_04294.jpg,1
aw_20201103_121417927_mouse_r_05234.jpg,1
aw_20201103_122516175_mouse_l_02465.jpg,1
aw_20201103_122516175_mouse_l_02561.jpg,1
aw_20201103_122516175_mouse_r_05583.jpg,1
aw_20201103_122516175_mouse_r_06030.jpg,1
aw_20201106_103339472_mouse_l_00092.jpg,1
aw_20201106_103339472_mouse_l_03016.jpg,1
aw_20201106_103339472_mouse_r_01758.jpg,1
aw_20201106_103339472_mouse_r_03847.jpg,1
aw_20201106_104247958_mouse_l_06610.jpg,1
aw_20201106_104247958_mouse_l_07095.jpg,1
aw_20201106_104247958_mouse_r_03353.jpg,1
aw_20201106_104247958_mouse_r_07965.jpg,1
aw_20201109_210546585_mouse_l_07470.jpg,1
aw_20201109_210546585_mouse_l_08062.jpg,1
aw_20201109_210546585_mouse_r_00791.jpg,1
aw_20201109_210546585_mouse_r_02929.jpg,1
aw_20201109_211737080_mouse_l_04377.jpg,1
aw_20201109_211737080_mouse_l_05013.jpg,1
aw_20201109_211737080_mouse_r_01482.jpg,1
aw_20201109_211737080_mouse_r_04873.jpg,1
aw_20201110_091402091_mouse_l_00019.jpg,1
aw_20201110_091402091_mouse_l_05682.jpg,1
aw_20201110_091402091_mouse_r_06007.jpg,1
aw_20201110_091402091_mouse_r_06513.jpg,1
aw_20201110_092907356_mouse_l_03299.jpg,1
aw_20201110_092907356_mouse_l_04585.jpg,1
aw_20201110_092907356_mouse_r_04589.jpg,1
aw_20201110_092907356_mouse_r_05792.jpg,1
aw_20201111_095155880_mouse_l_04035.jpg,1
aw_20201111_095155880_mouse_l_04426.jpg,1
aw_20201111_095155880_mouse_r_01362.jpg,1
aw_20201111_095155880_mouse_r_05314.jpg,1
aw_20201111_100420657_mouse_l_03352.jpg,1
aw_20201111_100420657_mouse_l_05498.jpg,1
aw_20201111_100420657_mouse_r_06938.jpg,1
aw_20201111_100420657_mouse_r_07612.jpg,1
aw_20201112_095705376_mouse_l_02033.jpg,1
aw_20201112_095705376_mouse_l_06586.jpg,1
aw_20201112_095705376_mouse_r_02081.jpg,1
aw_20201112_095705376_mouse_r_04756.jpg,1
aw_20201112_101022440_mouse_l_05292.jpg,1
aw_20201112_101022440_mouse_l_06699.jpg,1
aw_20201112_101022440_mouse_r_02237.jpg,1
aw_20201112_101022440_mouse_r_06351.jpg,1
aw_20201123_222021447_mouse_l_05058.jpg,1
aw_20201123_222021447_mouse_l_06268.jpg,1
aw_20201123_222021447_mouse_r_05185.jpg,1
aw_20201123_222021447_mouse_r_07381.jpg,1
aw_20201123_223148412_mouse_l_05330.jpg,1
aw_20201123_223148412_mouse_l_06415.jpg,1
aw_20201123_223148412_mouse_r_02648.jpg,1
aw_20201123_223148412_mouse_r_06629.jpg,1
aw_20201124_093730570_mouse_l_00297.jpg,1
aw_20201124_093730570_mouse_l_02201.jpg,1
aw_20201124_093730570_mouse_r_00595.jpg,1
aw_20201124_093730570_mouse_r_01446.jpg,1
aw_20201124_095320521_mouse_l_06545.jpg,1
aw_20201124_095320521_mouse_l_06678.jpg,1
aw_20201124_095320521_mouse_r_00800.jpg,1
aw_20201124_095320521_mouse_r_02119.jpg,1
aw_20201125_100742524_mouse_l_00364.jpg,1
aw_20201125_100742524_mouse_l_01802.jpg,1
aw_20201125_100742524_mouse_r_04639.jpg,1
aw_20201125_100742524_mouse_r_07675.jpg,1
aw_20201125_102052423_mouse_l_00976.jpg,1
aw_20201125_102052423_mouse_l_05037.jpg,1
aw_20201125_102052423_mouse_r_00893.jpg,1
aw_20201125_102052423_mouse_r_02808.jpg,1
aw_20201126_102249284_mouse_l_00529.jpg,1
aw_20201126_102249284_mouse_l_05416.jpg,1
aw_20201126_102249284_mouse_r_00630.jpg,1
aw_20201126_102249284_mouse_r_03120.jpg,1
aw_20201126_103617591_mouse_l_03996.jpg,1
aw_20201126_103617591_mouse_l_06417.jpg,1
aw_20201126_103617591_mouse_r_03717.jpg,1
aw_20201126_103617591_mouse_r_05242.jpg,1
aw_20210119_105126126_mouse_l_01965.jpg,1
aw_20210119_105126126_mouse_l_04768.jpg,1
aw_20210119_105126126_mouse_r_01416.jpg,1
aw_20210119_105126126_mouse_r_03831.jpg,1
aw_20210119_112627251_mouse_l_00067.jpg,1
aw_20210119_112627251_mouse_l_03612.jpg,1
aw_20210119_112627251_mouse_r_01056.jpg,1
aw_20210119_112627251_mouse_r_06838.jpg,1
aw_20210122_113524858_mouse_l_01966.jpg,1
aw_20210122_113524858_mouse_l_04032.jpg,1
aw_20210122_113524858_mouse_r_02103.jpg,1
aw_20210122_113524858_mouse_r_07251.jpg,1
aw_20210122_114837877_mouse_l_04530.jpg,1
aw_20210122_114837877_mouse_l_06118.jpg,1
aw_20210122_114837877_mouse_r_03989.jpg,1
aw_20210122_114837877_mouse_r_06050.jpg,1
aw_20210126_202644508_mouse_l_03108.jpg,1
aw_20210126_202644508_mouse_l_08318.jpg,1
aw_20210126_202644508_mouse_r_07191.jpg,1
aw_20210126_202644508_mouse_r_07293.jpg,1
aw_20210126_203603187_mouse_l_04570.jpg,1
aw_20210126_203603187_mouse_l_05559.jpg,1
aw_20210126_203603187_mouse_r_01347.jpg,1
aw_20210126_203603187_mouse_r_05413.jpg,1
aw_20210127_084459244_mouse_l_04499.jpg,1
aw_20210127_084459244_mouse_l_04595.jpg,1
aw_20210127_084459244_mouse_r_01533.jpg,1
aw_20210127_084459244_mouse_r_07705.jpg,1
aw_20210127_090556715_mouse_l_01884.jpg,1
aw_20210127_090556715_mouse_l_03970.jpg,1
aw_20210127_090556715_mouse_r_01600.jpg,1
aw_20210127_090556715_mouse_r_07306.jpg,1
aw_20210128_083807772_mouse_l_03693.jpg,1
aw_20210128_083807772_mouse_l_04083.jpg,1
aw_20210128_083807772_mouse_r_02233.jpg,1
aw_20210128_083807772_mouse_r_05077.jpg,1
aw_20210128_085251914_mouse_l_07063.jpg,1
aw_20210128_085251914_mouse_l_07624.jpg,1
aw_20210128_085251914_mouse_r_03569.jpg,1
aw_20210128_085251914_mouse_r_07324.jpg,1
aw_20210129_085017111_mouse_l_01396.jpg,1
aw_20210129_085017111_mouse_l_02365.jpg,1
aw_20210129_085017111_mouse_r_03666.jpg,1
aw_20210129_085017111_mouse_r_05383.jpg,1
aw_20210129_090609784_mouse_l_03233.jpg,1
aw_20210129_090609784_mouse_l_08331.jpg,1
aw_20210129_090609784_mouse_r_01368.jpg,1
aw_20210129_090609784_mouse_r_06757.jpg,1
aw_20210209_231414750_mouse_l_00356.jpg,1
aw_20210209_231414750_mouse_l_07720.jpg,1
aw_20210209_231414750_mouse_r_06773.jpg,1
aw_20210209_231414750_mouse_r_07418.jpg,1
aw_20210209_232558854_mouse_l_03663.jpg,1
aw_20210209_232558854_mouse_l_05358.jpg,1
aw_20210209_232558854_mouse_r_01964.jpg,1
aw_20210209_232558854_mouse_r_04956.jpg,1
aw_20210210_120816846_mouse_l_07472.jpg,1
aw_20210210_120816846_mouse_l_07708.jpg,1
aw_20210210_120816846_mouse_r_02763.jpg,1
aw_20210210_120816846_mouse_r_07717.jpg,1
aw_20210210_122349498_mouse_l_00189.jpg,1
aw_20210210_122349498_mouse_l_03113.jpg,1
aw_20210210_122349498_mouse_r_02658.jpg,1
aw_20210210_122349498_mouse_r_04539.jpg,1
aw_20210211_121459820_mouse_l_01790.jpg,1
aw_20210211_121459820_mouse_l_03448.jpg,1
aw_20210211_121459820_mouse_r_02698.jpg,1
aw_20210211_121459820_mouse_r_04859.jpg,1
aw_20210211_123119140_mouse_l_03740.jpg,1
aw_20210211_123119140_mouse_l_03867.jpg,1
aw_20210211_123119140_mouse_r_03987.jpg,1
aw_20210211_123119140_mouse_r_08030.jpg,1
aw_20210212_121247110_mouse_l_00093.jpg,1
aw_20210212_121247110_mouse_l_04138.jpg,1
aw_20210212_121247110_mouse_r_00093.jpg,1
aw_20210212_121247110_mouse_r_00903.jpg,1
aw_20210212_122922156_mouse_l_04256.jpg,1
aw_20210212_122922156_mouse_l_04797.jpg,1
aw_20210212_122922156_mouse_r_00527.jpg,1
aw_20210212_122922156_mouse_r_00620.jpg,1
jw_20210503_072931698_00184.jpg,2
jw_20210503_072931698_00348.jpg,2
jw_20210503_073125180_00439.jpg,2
jw_20210503_073125180_00558.jpg,2
jw_20210503_073722518_00137.jpg,2
jw_20210503_073722518_01035.jpg,2
jw_20210503_074040661_00306.jpg,2
jw_20210503_074040661_00414.jpg,2
jw_20210503_074040661_00545.jpg,2
jw_20210503_074040661_00615.jpg,2
jw_20210503_074040661_00762.jpg,2
jw_20210503_074040661_00870.jpg,2
jw_20210503_074040661_00884.jpg,2
jw_20210503_074040661_01022.jpg,2
jw_20210503_074040661_01201.jpg,2
jw_20210503_074040661_01237.jpg,2
jw_20210503_074040661_01263.jpg,2
jw_20210503_074040661_01302.jpg,2
jw_20210503_074040661_01719.jpg,2
jw_20210503_074040661_02307.jpg,2
jw_20210503_075456209_01105.jpg,2
jw_20210503_075456209_01191.jpg,2
jw_20210503_075456209_01386.jpg,2
jw_20210503_075456209_04065.jpg,2
jw_20210503_092841299_03848.jpg,2
jw_20210503_092841299_05001.jpg,2
jw_20210503_093408920_03734.jpg,2
jw_20210503_093408920_04643.jpg,2
jw_20210503_100507957_06461.jpg,2
jw_20210503_100507957_06655.jpg,2
jw_20210503_103056882_01605.jpg,2
jw_20210503_103056882_01627.jpg,2
jw_20210503_103056882_02008.jpg,2
jw_20210503_103056882_02121.jpg,2
jw_20210503_103056882_02336.jpg,2
jw_20210503_103056882_03943.jpg,2
jw_20210503_104145942_01041.jpg,2
jw_20210503_104145942_03025.jpg,2
jw_20210503_104145942_07015.jpg,2
jw_20210503_104145942_14630.jpg,2
jw_20210503_104145942_14718.jpg,2
jw_20210503_104145942_15065.jpg,2
jw_20210503_110930609_00886.jpg,2
jw_20210503_110930609_01890.jpg,2
jw_20210503_110930609_01917.jpg,2
jw_20210503_110930609_01943.jpg,2
jw_20210503_110930609_02792.jpg,2
jw_20210503_110930609_03736.jpg,2
jw_20210503_125705562_00149.jpg,2
jw_20210503_125705562_00529.jpg,2
jw_20210503_130302920_00027.jpg,2
jw_20210503_130302920_00448.jpg,2
jw_20210503_133441255_00140.jpg,2
jw_20210503_133441255_00688.jpg,2
jw_20210503_133441255_00803.jpg,2
jw_20210503_133441255_01509.jpg,2
jw_20210503_135533690_00318.jpg,2
jw_20210503_135533690_00904.jpg,2
jw_20210503_135533690_01006.jpg,2
jw_20210503_135533690_01382.jpg,2
jw_20210503_140836682_00919.jpg,2
jw_20210503_140836682_01108.jpg,2
jw_20210503_140836682_01713.jpg,2
jw_20210503_140836682_01822.jpg,2
jw_20210503_142110459_02057.jpg,2
jw_20210503_142110459_02892.jpg,2
jw_20210503_143601716_00529.jpg,2
jw_20210503_143601716_00605.jpg,2
jw_20210503_144324376_01020.jpg,2
jw_20210503_144324376_01255.jpg,2
jw_20210503_144324376_01947.jpg,2
jw_20210503_144324376_03033.jpg,2
jw_20210504_065313339_00434.jpg,2
jw_20210504_065313339_00864.jpg,2
jw_20210504_065313339_00937.jpg,2
jw_20210504_065313339_01467.jpg,2
jw_20210504_065313339_01568.jpg,2
jw_20210504_065313339_02292.jpg,2
jw_20210504_065831336_00390.jpg,2
jw_20210504_065831336_00483.jpg,2
jw_20210504_065831336_00833.jpg,2
jw_20210504_065831336_01070.jpg,2
jw_20210504_065831336_01521.jpg,2
jw_20210504_065831336_01532.jpg,2
jw_20210504_070411331_00614.jpg,2
jw_20210504_070411331_01250.jpg,2
jw_20210504_070411331_01282.jpg,2
jw_20210504_070411331_01967.jpg,2
jw_20210504_070411331_02188.jpg,2
jw_20210504_070411331_02451.jpg,2
jw_20210504_071029461_00518.jpg,2
jw_20210504_071029461_00936.jpg,2
jw_20210504_071029461_01251.jpg,2
jw_20210504_071029461_01378.jpg,2
jw_20210504_071029461_01454.jpg,2
jw_20210504_071029461_01533.jpg,2
jw_20210504_085404444_00612.jpg,2
jw_20210504_085404444_04216.jpg,2
jw_20210504_085404444_07651.jpg,2
jw_20210504_085404444_09027.jpg,2
jw_20210504_090355103_17548.jpg,2
jw_20210504_090355103_17754.jpg,2
jw_20210504_091756373_00640.jpg,2
jw_20210504_091756373_00983.jpg,2
jw_20210504_091756373_01176.jpg,2
jw_20210504_091756373_01562.jpg,2
jw_20210504_092024637_01017.jpg,2
jw_20210504_092024637_01962.jpg,2
jw_20210504_093220420_00700.jpg,2
jw_20210504_093220420_01037.jpg,2
jw_20210504_093220420_01198.jpg,2
jw_20210504_093220420_01903.jpg,2
jw_20210504_093220420_02463.jpg,2
jw_20210504_093220420_02661.jpg,2
jw_20210504_095407377_02784.jpg,2
jw_20210504_095407377_03068.jpg,2
jw_20210504_095721082_01284.jpg,2
jw_20210504_095721082_01814.jpg,2
jw_20210504_095721082_02570.jpg,2
jw_20210504_095721082_03418.jpg,2
jw_20210504_095721082_03670.jpg,2
jw_20210504_095721082_07289.jpg,2
jw_20210504_100544873_01163.jpg,2
jw_20210504_100544873_01372.jpg,2
jw_20210504_100544873_01590.jpg,2
jw_20210504_100544873_02199.jpg,2
jw_20210504_101507770_02417.jpg,2
jw_20210504_101507770_03309.jpg,2
jw_20210504_101944046_00607.jpg,2
jw_20210504_101944046_01888.jpg,2
jw_20210504_101944046_02416.jpg,2
jw_20210504_101944046_02452.jpg,2
jw_20210504_102730151_00884.jpg,2
jw_20210504_102730151_00968.jpg,2
jw_20210504_102730151_02018.jpg,2
jw_20210504_102730151_03251.jpg,2
jw_20210504_102730151_05826.jpg,2
jw_20210504_102730151_13765.jpg,2
jw_20210504_104610776_01751.jpg,2
jw_20210504_104610776_05019.jpg,2
jw_20210504_104913611_02387.jpg,2
jw_20210504_105122355_03586.jpg,2
jw_20210504_105122355_03738.jpg,2
jw_20210504_122405125_00731.jpg,2
jw_20210504_122405125_01598.jpg,2
jw_20210504_123051277_00807.jpg,2
jw_20210504_123051277_01640.jpg,2
jw_20210504_124114542_00877.jpg,2
jw_20210504_124114542_00960.jpg,2
jw_20210504_125642852_00738.jpg,2
jw_20210504_125642852_01256.jpg,2
jw_20210504_125642852_01273.jpg,2
jw_20210504_125642852_01466.jpg,2
jw_20210504_130247578_00704.jpg,2
jw_20210504_130247578_00857.jpg,2
jw_20210504_132543653_00369.jpg,2
jw_20210504_132543653_00627.jpg,2
jw_20210504_133136967_00260.jpg,2
jw_20210504_133136967_00605.jpg,2
jw_20210504_133136967_01392.jpg,2
jw_20210504_133136967_02040.jpg,2
jw_20210504_134953777_00619.jpg,2
jw_20210504_134953777_00685.jpg,2
jw_20210504_134953777_00753.jpg,2
jw_20210504_134953777_00837.jpg,2
jw_20210504_135745563_00944.jpg,2
jw_20210504_135745563_01757.jpg,2
jw_20210505_082509362_14389.jpg,2
jw_20210505_082509362_14575.jpg,2
jw_20210505_083236541_00711.jpg,2
jw_20210505_083236541_01504.jpg,2
jw_20210505_084028944_01699.jpg,2
jw_20210505_084028944_02224.jpg,2
jw_20210505_085905558_01613.jpg,2
jw_20210505_085905558_05127.jpg,2
jw_20210505_090225528_01530.jpg,2
jw_20210505_090225528_01816.jpg,2
jw_20210505_090529905_01651.jpg,2
jw_20210505_090529905_05123.jpg,2
jw_20210505_092429495_04196.jpg,2
jw_20210505_092429495_05544.jpg,2
jw_20210505_093110111_00917.jpg,2
jw_20210505_093110111_02105.jpg,2
jw_20210505_093326183_00912.jpg,2
jw_20210505_093326183_01686.jpg,2
jw_20210505_094954905_03968.jpg,2
jw_20210505_094954905_04802.jpg,2
jw_20210505_095258408_01375.jpg,2
jw_20210505_095258408_01694.jpg,2
jw_20210505_095704014_00464.jpg,2
jw_20210505_095704014_01735.jpg,2
jw_20210507_092114543_00186.jpg,2
jw_20210507_092114543_00332.jpg,2
jw_20210507_092114543_00356.jpg,2
jw_20210507_092114543_00664.jpg,2
jw_20210507_092114543_00668.jpg,2
jw_20210507_092114543_00715.jpg,2
jw_20210507_092114543_00802.jpg,2
jw_20210507_092114543_00826.jpg,2
jw_20210507_092114543_00883.jpg,2
jw_20210507_092114543_00947.jpg,2
jw_20210507_092114543_01083.jpg,2
jw_20210507_092114543_01168.jpg,2
jw_20210507_092114543_01171.jpg,2
jw_20210507_092114543_01326.jpg,2
jw_20210507_092114543_01528.jpg,2
jw_20210507_092114543_01667.jpg,2
jw_20210507_092114543_01683.jpg,2
jw_20210507_092114543_01706.jpg,2
jw_20210507_092114543_01922.jpg,2
jw_20210507_092114543_02047.jpg,2
jw_20210507_092114543_02127.jpg,2
jw_20210507_092114543_02266.jpg,2
jw_20210507_092114543_02288.jpg,2
jw_20210507_092114543_02696.jpg,2
jw_20210507_092114543_02714.jpg,2
jw_20210507_092114543_02742.jpg,2
jw_20210507_092114543_02744.jpg,2
jw_20210507_092114543_02805.jpg,2
jw_20210507_092114543_02952.jpg,2
jw_20210507_092114543_03051.jpg,2
jw_20210507_092114543_03484.jpg,2
jw_20210507_092114543_04219.jpg,2
jw_20210507_092114543_04590.jpg,2
jw_20210507_092114543_04634.jpg,2
jw_20210507_092114543_04849.jpg,2
jw_20210507_092114543_05032.jpg,2
jw_20210507_092114543_05088.jpg,2
jw_20210507_092114543_05281.jpg,2
jw_20210507_092114543_05331.jpg,2
jw_20210507_092114543_06285.jpg,2
jw_20210507_092114543_06762.jpg,2
jw_20210507_092114543_07132.jpg,2
jw_20210507_092114543_07435.jpg,2
jw_20210507_092114543_07718.jpg,2
jw_20210507_092114543_08649.jpg,2
jw_20210507_092114543_10639.jpg,2
jw_20210507_092114543_11426.jpg,2
jw_20210507_092114543_11735.jpg,2
jw_20210508_094358377_00220.jpg,2
jw_20210508_094358377_00253.jpg,2
jw_20210508_094358377_00315.jpg,2
jw_20210508_094358377_00330.jpg,2
jw_20210508_094358377_00372.jpg,2
jw_20210508_094358377_00452.jpg,2
jw_20210508_094358377_00509.jpg,2
jw_20210508_094358377_00770.jpg,2
jw_20210508_094358377_00875.jpg,2
jw_20210508_094358377_00962.jpg,2
jw_20210508_094358377_01000.jpg,2
jw_20210508_094358377_01119.jpg,2
jw_20210508_094358377_01224.jpg,2
jw_20210508_094358377_01251.jpg,2
jw_20210508_094358377_01480.jpg,2
jw_20210508_094358377_01600.jpg,2
jw_20210508_094358377_01651.jpg,2
jw_20210508_094358377_01818.jpg,2
jw_20210508_094358377_01860.jpg,2
jw_20210508_094358377_01902.jpg,2
jw_20210508_094358377_02374.jpg,2
jw_20210508_094358377_02384.jpg,2
jw_20210508_094358377_02392.jpg,2
jw_20210508_094358377_02534.jpg,2
jw_20210508_094358377_02648.jpg,2
jw_20210508_094358377_02682.jpg,2
jw_20210508_094358377_02983.jpg,2
jw_20210508_094358377_03049.jpg,2
jw_20210508_094358377_03312.jpg,2
jw_20210508_094358377_03706.jpg,2
jw_20210508_094358377_03840.jpg,2
jw_20210508_094358377_04123.jpg,2
jw_20210508_094358377_04270.jpg,2
jw_20210508_094358377_04402.jpg,2
jw_20210508_094358377_04407.jpg,2
jw_20210508_094358377_04685.jpg,2
jw_20210508_094358377_05035.jpg,2
jw_20210508_094358377_05205.jpg,2
jw_20210508_094358377_05311.jpg,2
jw_20210508_094358377_05821.jpg,2
jw_20210508_094358377_05900.jpg,2
jw_20210508_094358377_06789.jpg,2
jw_20210508_094358377_07221.jpg,2
jw_20210508_094358377_07574.jpg,2
jw_20210508_094358377_10563.jpg,2
jw_20210508_094358377_10915.jpg,2
jw_20210510_071125356_00673.jpg,2
jw_20210510_071125356_02984.jpg,2
jw_20210510_071346344_02414.jpg,2
jw_20210510_071346344_11883.jpg,2
jw_20210510_071912858_00940.jpg,2
jw_20210510_071912858_04123.jpg,2
jw_20210510_072355332_01196.jpg,2
jw_20210510_072355332_01487.jpg,2
jw_20210510_072355332_01669.jpg,2
jw_20210510_072355332_02559.jpg,2
jw_20210510_072355332_07058.jpg,2
jw_20210510_072355332_12080.jpg,2
jw_20210510_073552267_01093.jpg,2
jw_20210510_073552267_01229.jpg,2
jw_20210510_073552267_01503.jpg,2
jw_20210510_073552267_01628.jpg,2
jw_20210510_073552267_01738.jpg,2
jw_20210510_073552267_02204.jpg,2
jw_20210510_074512990_00780.jpg,2
jw_20210510_074512990_00870.jpg,2
jw_20210510_074512990_01007.jpg,2
jw_20210510_074512990_01562.jpg,2
jw_20210510_074512990_06228.jpg,2
jw_20210510_074512990_06823.jpg,2
jw_20210511_070811506_00781.jpg,2
jw_20210511_070811506_01484.jpg,2
jw_20210511_070811506_01845.jpg,2
jw_20210511_070811506_01920.jpg,2
jw_20210511_070811506_02356.jpg,2
jw_20210511_070811506_03014.jpg,2
jw_20210511_071721863_01134.jpg,2
jw_20210511_071721863_01306.jpg,2
jw_20210511_071721863_01836.jpg,2
jw_20210511_071721863_02753.jpg,2
jw_20210511_071721863_03395.jpg,2
jw_20210511_071721863_05554.jpg,2
jw_20210511_072647698_01328.jpg,2
jw_20210511_072647698_02577.jpg,2
jw_20210511_072647698_02930.jpg,2
jw_20210511_072647698_03924.jpg,2
jw_20210511_072647698_04284.jpg,2
jw_20210511_072647698_05094.jpg,2
jw_20210511_073720013_00965.jpg,2
jw_20210511_073720013_01076.jpg,2
jw_20210511_073720013_02692.jpg,2
jw_20210511_073720013_07754.jpg,2
jw_20210511_073720013_10309.jpg,2
jw_20210511_073720013_22210.jpg,2
jw_20211103_070419790_00218.jpg,2
jw_20211103_070419790_00445.jpg,2
jw_20211103_070419790_01047.jpg,2
jw_20211103_070419790_01083.jpg,2
jw_20211103_070419790_01494.jpg,2
jw_20211103_070419790_01798.jpg,2
jw_20211103_070419790_01869.jpg,2
jw_20211103_070419790_02095.jpg,2
jw_20211103_070419790_02115.jpg,2
jw_20211103_070419790_02311.jpg,2
jw_20211103_070419790_02337.jpg,2
jw_20211103_070419790_02710.jpg,2
jw_20211103_070419790_02747.jpg,2
jw_20211103_070419790_02798.jpg,2
jw_20211103_070419790_02976.jpg,2
jw_20211103_070419790_03304.jpg,2
jw_20211103_070419790_04049.jpg,2
jw_20211103_070419790_05805.jpg,2
jw_20211103_070419790_06747.jpg,2
jw_20211103_070419790_06893.jpg,2
jw_20211103_070419790_07426.jpg,2
jw_20211103_070419790_08671.jpg,2
jw_20211103_070419790_08968.jpg,2
jw_20211103_070419790_09005.jpg,2
jw_20211103_070419790_09102.jpg,2
jw_20211103_070419790_09587.jpg,2
jw_20211103_070419790_10092.jpg,2
jw_20211103_070419790_10734.jpg,2
jw_20211103_070419790_11052.jpg,2
jw_20211103_070419790_12291.jpg,2
jw_20211103_070419790_13704.jpg,2
jw_20211103_100345004_00699.jpg,2
jw_20211103_100345004_01062.jpg,2
jw_20211103_100345004_01078.jpg,2
jw_20211103_100345004_01117.jpg,2
jw_20211103_100345004_01396.jpg,2
jw_20211103_100345004_01702.jpg,2
jw_20211103_100345004_02154.jpg,2
jw_20211103_100345004_02538.jpg,2
jw_20211103_100345004_03268.jpg,2
jw_20211103_100345004_03359.jpg,2
jw_20211103_100345004_03444.jpg,2
jw_20211103_100345004_03575.jpg,2
jw_20211103_100345004_03640.jpg,2
jw_20211103_100345004_03815.jpg,2
jw_20211103_100345004_04063.jpg,2
jw_20211103_100345004_04745.jpg,2
jw_20211103_100345004_05160.jpg,2
jw_20211103_100345004_05468.jpg,2
jw_20211103_100345004_05967.jpg,2
jw_20211103_100345004_06337.jpg,2
jw_20211103_100345004_07048.jpg,2
jw_20211103_100345004_08446.jpg,2
jw_20211103_100345004_08586.jpg,2
jw_20211103_100345004_10147.jpg,2
jw_20211103_100345004_11304.jpg,2
jw_20211103_100345004_11772.jpg,2
jw_20211103_100345004_13005.jpg,2
jw_20211103_100345004_13892.jpg,2
jw_20211103_100345004_14829.jpg,2
jw_20211103_100345004_18298.jpg,2
jw_20211103_100345004_18504.jpg,2
jw_20211103_132836258_00391.jpg,2
jw_20211103_132836258_00524.jpg,2
jw_20211103_132836258_01222.jpg,2
jw_20211103_132836258_01646.jpg,2
jw_20211103_132836258_01723.jpg,2
jw_20211103_132836258_02492.jpg,2
jw_20211103_132836258_02573.jpg,2
jw_20211103_132836258_02948.jpg,2
jw_20211103_132836258_03384.jpg,2
jw_20211103_132836258_03636.jpg,2
jw_20211103_132836258_03774.jpg,2
jw_20211103_132836258_04486.jpg,2
jw_20211103_132836258_05123.jpg,2
jw_20211103_132836258_05160.jpg,2
jw_20211103_132836258_10049.jpg,2
jw_20211103_132836258_10892.jpg,2
jw_20211103_145130312_00933.jpg,2
jw_20211103_145130312_01251.jpg,2
jw_20211103_145130312_01328.jpg,2
jw_20211103_145130312_01555.jpg,2
jw_20211103_145130312_02322.jpg,2
jw_20211103_145130312_02353.jpg,2
jw_20211103_145130312_02899.jpg,2
jw_20211103_145130312_03198.jpg,2
jw_20211103_145130312_03801.jpg,2
jw_20211103_145130312_05028.jpg,2
jw_20211103_145130312_05508.jpg,2
jw_20211103_145130312_06724.jpg,2
jw_20211103_145130312_07506.jpg,2
jw_20211103_145130312_09756.jpg,2
jw_20211103_145130312_13716.jpg,2
jw_20211104_091802077_00355.jpg,2
jw_20211104_091802077_00662.jpg,2
jw_20211104_091802077_01683.jpg,2
jw_20211104_091802077_02193.jpg,2
jw_20211104_091802077_03900.jpg,2
jw_20211104_091802077_05341.jpg,2
jw_20211104_091802077_10391.jpg,2
jw_20211104_101243597_01533.jpg,2
jw_20211104_101243597_02953.jpg,2
jw_20211104_101243597_04144.jpg,2
jw_20211104_101243597_04989.jpg,2
jw_20211104_101243597_06842.jpg,2
jw_20211104_101243597_07182.jpg,2
jw_20211104_101243597_09346.jpg,2
jw_20211104_103423371_00555.jpg,2
jw_20211104_103423371_00772.jpg,2
jw_20211104_103423371_00895.jpg,2
jw_20211104_103423371_01453.jpg,2
jw_20211104_103423371_02020.jpg,2
jw_20211104_103423371_04060.jpg,2
jw_20211104_103423371_04546.jpg,2
jw_20211104_103423371_06845.jpg,2
jw_20211104_105231963_00959.jpg,2
jw_20211104_105231963_02015.jpg,2
jw_20211104_105231963_02115.jpg,2
jw_20211104_105231963_02403.jpg,2
jw_20211104_105231963_03104.jpg,2
jw_20211104_105231963_03279.jpg,2
jw_20211104_105231963_03804.jpg,2
jw_20211107_085213746_00036.jpg,2
jw_20211107_085213746_00038.jpg,2
jw_20211107_085213746_00075.jpg,2
jw_20211107_085213746_00079.jpg,2
jw_20211107_085213746_00203.jpg,2
jw_20211107_085213746_00222.jpg,2
jw_20211107_085213746_00319.jpg,2
jw_20211107_085213746_00340.jpg,2
jw_20211107_085213746_00376.jpg,2
jw_20211107_085213746_00433.jpg,2
jw_20211107_085213746_00443.jpg,2
jw_20211107_085213746_00483.jpg,2
jw_20211107_085213746_00484.jpg,2
jw_20211107_085213746_00558.jpg,2
jw_20211107_085213746_00709.jpg,2
jw_20211107_085213746_00765.jpg,2
jw_20211107_085213746_00772.jpg,2
jw_20211107_085213746_00811.jpg,2
jw_20211107_085213746_00833.jpg,2
jw_20211107_085213746_00941.jpg,2
jw_20211107_085213746_00986.jpg,2
jw_20211107_085213746_01057.jpg,2
jw_20211107_085213746_01397.jpg,2
jw_20211107_085213746_01443.jpg,2
jw_20211107_085213746_01507.jpg,2
jw_20211107_085213746_01560.jpg,2
jw_20211107_085213746_01661.jpg,2
jw_20211107_085213746_01681.jpg,2
jw_20211107_085213746_01752.jpg,2
jw_20211107_085213746_02047.jpg,2
jw_20211107_085213746_02067.jpg,2
jw_20211107_085213746_02165.jpg,2
jw_20211107_085213746_02395.jpg,2
jw_20211107_085213746_02421.jpg,2
jw_20211107_085213746_02432.jpg,2
jw_20211107_085213746_02600.jpg,2
jw_20211107_085213746_02702.jpg,2
jw_20211107_085213746_02744.jpg,2
jw_20211107_085213746_02847.jpg,2
jw_20211107_085213746_02912.jpg,2
jw_20211107_085213746_03030.jpg,2
jw_20211107_085213746_03273.jpg,2
jw_20211107_085213746_03278.jpg,2
jw_20211107_085213746_03286.jpg,2
jw_20211107_085213746_03420.jpg,2
jw_20211107_085213746_03691.jpg,2
jw_20211107_085213746_04047.jpg,2
jw_20211107_085213746_04239.jpg,2
jw_20211107_085213746_04689.jpg,2
jw_20211107_085213746_04944.jpg,2
jw_20211107_085213746_05472.jpg,2
jw_20211107_085213746_06437.jpg,2
jw_20211107_085213746_06524.jpg,2
jw_20211107_085213746_07613.jpg,2
jw_20211107_085213746_07622.jpg,2
jw_20211107_085213746_08030.jpg,2
jw_20211107_085213746_08100.jpg,2
jw_20211107_085213746_08395.jpg,2
jw_20211107_085213746_08615.jpg,2
jw_20211107_085213746_08955.jpg,2
jw_20211110_071115192_00211.jpg,2
jw_20211110_071115192_00264.jpg,2
jw_20211110_071115192_00344.jpg,2
jw_20211110_071115192_00410.jpg,2
jw_20211110_071115192_00418.jpg,2
jw_20211110_071115192_00751.jpg,2
jw_20211110_071115192_00860.jpg,2
jw_20211110_071115192_00871.jpg,2
jw_20211110_071115192_01124.jpg,2
jw_20211110_071115192_01151.jpg,2
jw_20211110_071115192_01248.jpg,2
jw_20211110_071115192_01376.jpg,2
jw_20211110_071115192_01502.jpg,2
jw_20211110_071115192_01690.jpg,2
jw_20211110_071115192_01896.jpg,2
jw_20211110_071115192_01958.jpg,2
jw_20211110_071115192_02007.jpg,2
jw_20211110_071115192_02097.jpg,2
jw_20211110_071115192_02305.jpg,2
jw_20211110_071115192_02314.jpg,2
jw_20211110_071115192_02730.jpg,2
jw_20211110_071115192_02833.jpg,2
jw_20211110_071115192_03007.jpg,2
jw_20211110_071115192_03104.jpg,2
jw_20211110_071115192_03209.jpg,2
jw_20211110_071115192_03261.jpg,2
jw_20211110_071115192_03301.jpg,2
jw_20211110_071115192_04371.jpg,2
jw_20211110_071115192_05979.jpg,2
jw_20211110_071115192_06329.jpg,2
jw_20211110_071115192_06480.jpg,2
lw_1-10a.JPG,3
lw_1-10b.JPG,3
lw_1-10c.JPG,3
lw_1-11a.JPG,3
lw_1-11b.JPG,3
lw_1-11c.JPG,3
lw_1-12a.JPG,3
lw_1-12b.JPG,3
lw_1-12c.JPG,3
lw_1-13a.JPG,3
lw_1-13b.JPG,3
lw_1-13c.JPG,3
lw_1-14a.JPG,3
lw_1-14b.JPG,3
lw_1-14c.JPG,3
lw_1-15a.JPG,3
lw_1-15b.JPG,3
lw_1-15c.JPG,3
lw_1-16a.JPG,3
lw_1-16b.JPG,3
lw_1-16c.JPG,3
lw_1-17a.JPG,3
lw_1-17b.JPG,3
lw_1-17c.JPG,3
lw_1-18a.JPG,3
lw_1-18b.JPG,3
lw_1-18c.JPG,3
lw_1-19a.JPG,3
lw_1-19b.JPG,3
lw_1-19c.JPG,3
lw_1-1a.JPG,3
lw_1-1b.JPG,3
lw_1-1c.JPG,3
lw_1-20a.JPG,3
lw_1-20b.JPG,3
lw_1-20c.JPG,3
lw_1-2a.JPG,3
lw_1-2b.JPG,3
lw_1-2c.JPG,3
lw_1-3a.JPG,3
lw_1-3b.JPG,3
lw_1-3c.JPG,3
lw_1-4a.JPG,3
lw_1-4b.JPG,3
lw_1-4c.JPG,3
lw_1-5a.JPG,3
lw_1-5b.JPG,3
lw_1-5c.JPG,3
lw_1-6a.JPG,3
lw_1-6b.JPG,3
lw_1-6c.JPG,3
lw_1-7a.JPG,3
lw_1-7b.JPG,3
lw_1-7c.JPG,3
lw_1-8a.JPG,3
lw_1-8b.JPG,3
lw_1-8c.JPG,3
lw_1-9a.JPG,3
lw_1-9b.JPG,3
lw_1-9c.JPG,3
lw_13-10a.jpg,3
lw_13-10b.jpg,3
lw_13-10c.jpg,3
lw_13-11a.jpg,3
lw_13-11b.jpg,3
lw_13-11c.jpg,3
lw_13-12a.jpg,3
lw_13-12b.jpg,3
lw_13-12c.jpg,3
lw_13-13a.JPG,3
lw_13-13b.JPG,3
lw_13-13c.JPG,3
lw_13-14a.jpg,3
lw_13-14b.jpg,3
lw_13-14c.jpg,3
lw_13-15a.jpg,3
lw_13-15b.jpg,3
lw_13-15c.jpg,3
lw_13-16a.JPG,3
lw_13-16b.JPG,3
lw_13-16c.JPG,3
lw_13-17a.jpg,3
lw_13-17b.jpg,3
lw_13-17c.jpg,3
lw_13-18a.jpg,3
lw_13-18b.jpg,3
lw_13-18c.jpg,3
lw_13-19a.jpg,3
lw_13-19b.jpg,3
lw_13-19c.jpg,3
lw_13-1a.jpg,3
lw_13-1b.jpg,3
lw_13-1c.jpg,3
lw_13-20a.jpg,3
lw_13-20b.jpg,3
lw_13-20c.jpg,3
lw_13-2a.jpg,3
lw_13-2b.jpg,3
lw_13-2c.jpg,3
lw_13-3a.jpg,3
lw_13-3b.jpg,3
lw_13-3c.jpg,3
lw_13-4a.jpg,3
lw_13-4b.jpg,3
lw_13-4c.jpg,3
lw_13-5a.jpg,3
lw_13-5b.jpg,3
lw_13-5c.jpg,3
lw_13-6a.JPG,3
lw_13-6b.JPG,3
lw_13-6c.JPG,3
lw_13-7a.jpg,3
lw_13-7b.jpg,3
lw_13-7c.jpg,3
lw_13-8a.jpg,3
lw_13-8b.jpg,3
lw_13-8c.jpg,3
lw_13-9a.jpg,3
lw_13-9b.jpg,3
lw_13-9c.JPG,3
lw_16-10a.JPG,3
lw_16-10b.JPG,3
lw_16-10c.JPG,3
lw_16-11a.JPG,3
lw_16-11b.JPG,3
lw_16-11c.JPG,3
lw_16-12a.JPG,3
lw_16-12b.JPG,3
lw_16-12c.JPG,3
lw_16-13a.JPG,3
lw_16-13b.JPG,3
lw_16-13c.JPG,3
lw_16-14a.JPG,3
lw_16-14b.JPG,3
lw_16-14c.JPG,3
lw_16-15a.JPG,3
lw_16-15b.JPG,3
lw_16-15c.JPG,3
lw_16-16a.JPG,3
lw_16-16b.JPG,3
lw_16-16c.JPG,3
lw_16-17a.JPG,3
lw_16-17b.JPG,3
lw_16-17c.JPG,3
lw_16-18a.JPG,3
lw_16-18b.JPG,3
lw_16-18c.JPG,3
lw_16-19a.JPG,3
lw_16-19b.JPG,3
lw_16-19c.JPG,3
lw_16-1a.JPG,3
lw_16-1b.JPG,3
lw_16-1c.JPG,3
lw_16-20a.JPG,3
lw_16-20b.JPG,3
lw_16-20c.JPG,3
lw_16-2a.JPG,3
lw_16-2b.JPG,3
lw_16-2c.JPG,3
lw_16-3a.JPG,3
lw_16-3b.JPG,3
lw_16-3c.JPG,3
lw_16-4a.JPG,3
lw_16-4b.JPG,3
lw_16-4c.JPG,3
lw_16-5a.JPG,3
lw_16-5b.JPG,3
lw_16-5c.JPG,3
lw_16-6a.JPG,3
lw_16-6b.JPG,3
lw_16-6c.JPG,3
lw_16-7a.JPG,3
lw_16-7b.JPG,3
lw_16-7c.JPG,3
lw_16-8a.JPG,3
lw_16-8b.JPG,3
lw_16-8c.JPG,3
lw_16-9a.JPG,3
lw_16-9b.JPG,3
lw_16-9c.JPG,3
lw_3-10a.JPG,3
lw_3-10b.JPG,3
lw_3-10c.JPG,3
lw_3-11a.JPG,3
lw_3-11b.JPG,3
lw_3-11c.JPG,3
lw_3-12a.JPG,3
lw_3-12b.JPG,3
lw_3-12c.JPG,3
lw_3-13a.JPG,3
lw_3-13b.JPG,3
lw_3-13c.JPG,3
lw_3-14a.JPG,3
lw_3-14b.JPG,3
lw_3-14c.JPG,3
lw_3-15a.JPG,3
lw_3-15b.JPG,3
lw_3-15c.JPG,3
lw_3-16a.JPG,3
lw_3-16b.JPG,3
lw_3-16c.JPG,3
lw_3-17a.JPG,3
lw_3-17b.JPG,3
lw_3-17c.JPG,3
lw_3-18a.JPG,3
lw_3-18b.JPG,3
lw_3-18c.JPG,3
lw_3-19a.JPG,3
lw_3-19b.JPG,3
lw_3-19c.JPG,3
lw_3-1a.JPG,3
lw_3-1b.JPG,3
lw_3-1c.JPG,3
lw_3-20a.JPG,3
lw_3-20b.JPG,3
lw_3-20c.JPG,3
lw_3-2a.JPG,3
lw_3-2b.JPG,3
lw_3-2c.JPG,3
lw_3-3a.JPG,3
lw_3-3b.JPG,3
lw_3-3c.JPG,3
lw_3-4a.JPG,3
lw_3-4b.JPG,3
lw_3-4c.JPG,3
lw_3-5a.JPG,3
lw_3-5b.JPG,3
lw_3-5c.JPG,3
lw_3-6a.JPG,3
lw_3-6b.JPG,3
lw_3-6c.JPG,3
lw_3-7a.JPG,3
lw_3-7b.JPG,3
lw_3-7c.JPG,3
lw_3-8a.JPG,3
lw_3-8b.JPG,3
lw_3-8c.JPG,3
lw_3-9a.JPG,3
lw_3-9b.JPG,3
lw_3-9c.JPG,3
lw_11-10a.JPG,4
lw_11-10b.JPG,4
lw_11-10c.JPG,4
lw_11-11a.JPG,4
lw_11-11b.JPG,4
lw_11-11c.JPG,4
lw_11-12a.JPG,4
lw_11-12b.JPG,4
lw_11-12c.JPG,4
lw_11-13a.JPG,4
lw_11-13b.JPG,4
lw_11-13c.JPG,4
lw_11-14a.JPG,4
lw_11-14b.JPG,4
lw_11-14c.JPG,4
lw_11-15a.JPG,4
lw_11-15b.JPG,4
lw_11-15c.JPG,4
lw_11-16a.JPG,4
lw_11-16b.JPG,4
lw_11-16c.JPG,4
lw_11-17a.JPG,4
lw_11-17b.JPG,4
lw_11-17c.JPG,4
lw_11-18a.JPG,4
lw_11-18b.JPG,4
lw_11-18c.JPG,4
lw_11-20a.JPG,4
lw_11-20b.JPG,4
lw_11-20c.JPG,4
lw_11-2a.JPG,4
lw_11-2b.JPG,4
lw_11-2c.JPG,4
lw_11-3a.JPG,4
lw_11-3b.JPG,4
lw_11-3c.JPG,4
lw_11-4a.JPG,4
lw_11-4b.JPG,4
lw_11-4c.JPG,4
lw_11-5a.JPG,4
lw_11-5b.JPG,4
lw_11-5c.JPG,4
lw_11-6a.JPG,4
lw_11-6b.JPG,4
lw_11-6c.JPG,4
lw_11-7a.JPG,4
lw_11-7b.JPG,4
lw_11-7c.JPG,4
lw_11-8a.JPG,4
lw_11-8b.JPG,4
lw_11-8c.JPG,4
lw_11-9a.JPG,4
lw_11-9b.JPG,4
lw_11-9c.JPG,4
lw_12-12a.JPG,4
lw_12-12b.JPG,4
lw_12-12c.JPG,4
lw_12-13a.JPG,4
lw_12-13b.JPG,4
lw_12-13c.JPG,4
lw_12-14a.JPG,4
lw_12-14b.JPG,4
lw_12-14c.JPG,4
lw_12-15a.JPG,4
lw_12-15b.JPG,4
lw_12-15c.JPG,4
lw_12-16a.JPG,4
lw_12-16b.JPG,4
lw_12-16c.JPG,4
lw_12-18a.JPG,4
lw_12-18b.JPG,4
lw_12-18c.JPG,4
lw_12-1a.JPG,4
lw_12-1b.JPG,4
lw_12-1c.JPG,4
lw_12-20a.JPG,4
lw_12-20b.JPG,4
lw_12-20c.JPG,4
lw_12-2a.JPG,4
lw_12-2b.JPG,4
lw_12-2c.JPG,4
lw_12-3a.JPG,4
lw_12-3b.JPG,4
lw_12-3c.JPG,4
lw_12-4a.JPG,4
lw_12-4b.JPG,4
lw_12-4c.JPG,4
lw_12-7a.JPG,4
lw_12-7b.JPG,4
lw_12-7c.JPG,4
lw_12-8a.JPG,4
lw_12-8b.JPG,4
lw_12-8c.JPG,4
lw_12-9a.JPG,4
lw_12-9b.JPG,4
lw_12-9c.JPG,4
lw_19-10a.JPG,4
lw_19-10b.JPG,4
lw_19-10c.JPG,4
lw_19-11a.JPG,4
lw_19-11b.JPG,4
lw_19-11c.JPG,4
lw_19-12a.JPG,4
lw_19-12b.JPG,4
lw_19-12c.JPG,4
lw_19-13a.JPG,4
lw_19-13b.JPG,4
lw_19-13c.JPG,4
lw_19-14a.JPG,4
lw_19-14b.JPG,4
lw_19-14c.JPG,4
lw_19-15a.JPG,4
lw_19-15b.JPG,4
lw_19-15c.JPG,4
lw_19-16a.JPG,4
lw_19-16b.JPG,4
lw_19-16c.JPG,4
lw_19-17a.JPG,4
lw_19-17b.JPG,4
lw_19-17c.JPG,4
lw_19-18a.JPG,4
lw_19-18b.JPG,4
lw_19-18c.JPG,4
lw_19-19a.JPG,4
lw_19-19b.JPG,4
lw_19-19c.JPG,4
lw_19-1a.JPG,4
lw_19-1b.JPG,4
lw_19-1c.JPG,4
lw_19-20a.JPG,4
lw_19-20b.JPG,4
lw_19-20c.JPG,4
lw_19-2a.JPG,4
lw_19-2b.JPG,4
lw_19-2c.JPG,4
lw_19-3a.JPG,4
lw_19-3b.JPG,4
lw_19-3c.JPG,4
lw_19-4a.JPG,4
lw_19-4b.JPG,4
lw_19-4c.JPG,4
lw_19-6a.JPG,4
lw_19-6b.JPG,4
lw_19-6c.JPG,4
lw_19-7a.JPG,4
lw_19-7b.JPG,4
lw_19-7c.JPG,4
lw_19-8a.JPG,4
lw_19-8b.JPG,4
lw_19-8c.JPG,4
lw_19-9a.JPG,4
lw_19-9b.JPG,4
lw_19-9c.JPG,4
lw_2-10a.JPG,4
lw_2-10b.JPG,4
lw_2-10c.JPG,4
lw_2-11a.JPG,4
lw_2-11b.JPG,4
lw_2-11c.JPG,4
lw_2-13a.JPG,4
lw_2-13b.JPG,4
lw_2-13c.JPG,4
lw_2-14a.JPG,4
lw_2-14b.JPG,4
lw_2-14c.JPG,4
lw_2-15a.JPG,4
lw_2-15b.JPG,4
lw_2-15c.JPG,4
lw_2-16a.JPG,4
lw_2-16b.JPG,4
lw_2-16c.JPG,4
lw_2-18a.JPG,4
lw_2-18b.JPG,4
lw_2-18c.JPG,4
lw_2-20a.JPG,4
lw_2-20b.JPG,4
lw_2-20c.JPG,4
lw_2-2a.JPG,4
lw_2-2b.JPG,4
lw_2-2c.JPG,4
lw_2-3a.JPG,4
lw_2-3b.JPG,4
lw_2-3c.JPG,4
lw_2-4a.JPG,4
lw_2-4b.JPG,4
lw_2-4c.JPG,4
lw_2-5a.JPG,4
lw_2-5b.JPG,4
lw_2-5c.JPG,4
lw_2-6a.JPG,4
lw_2-6b.JPG,4
lw_2-6c.JPG,4
lw_2-7a.JPG,4
lw_2-7b.JPG,4
lw_2-7c.JPG,4
lw_40-10a.JPG,4
lw_40-10b.JPG,4
lw_40-10c.JPG,4
lw_40-11a.JPG,4
lw_40-11b.JPG,4
lw_40-11c.JPG,4
lw_40-12a.JPG,4
lw_40-12b.JPG,4
lw_40-12c.JPG,4
lw_40-15a.JPG,4
lw_40-15b.JPG,4
lw_40-15c.JPG,4
lw_40-16a.JPG,4
lw_40-16b.JPG,4
lw_40-16c.JPG,4
lw_40-17a.JPG,4
lw_40-17b.JPG,4
lw_40-17c.JPG,4
lw_40-18a.JPG,4
lw_40-18b.JPG,4
lw_40-18c.JPG,4
lw_40-20a.JPG,4
lw_40-20b.JPG,4
lw_40-20c.JPG,4
lw_40-2a.JPG,4
lw_40-2b.JPG,4
lw_40-2c.JPG,4
lw_40-3a.JPG,4
lw_40-3b.JPG,4
lw_40-3c.JPG,4
lw_40-4a.JPG,4
lw_40-4b.JPG,4
lw_40-4c.JPG,4
lw_40-6a.JPG,4
lw_40-6b.JPG,4
lw_40-6c.JPG,4
lw_40-7a.JPG,4
lw_40-7b.JPG,4
lw_40-7c.JPG,4
lw_40-8a.JPG,4
lw_40-8b.JPG,4
lw_40-8c.JPG,4
lw_40-9a.JPG,4
lw_40-9b.JPG,4
lw_40-9c.JPG,4
lw_58-10a.JPG,4
lw_58-10b.JPG,4
lw_58-10c.JPG,4
lw_58-11a.JPG,4
lw_58-11b.JPG,4
lw_58-11c.JPG,4
lw_58-12a.JPG,4
lw_58-12b.JPG,4
lw_58-12c.JPG,4
lw_58-13a.JPG,4
lw_58-13b.JPG,4
lw_58-13c.JPG,4
lw_58-14a.JPG,4
lw_58-14b.JPG,4
lw_58-14c.JPG,4
lw_58-16a.JPG,4
lw_58-16b.JPG,4
lw_58-16c.JPG,4
lw_58-17a.JPG,4
lw_58-17b.JPG,4
lw_58-17c.JPG,4
lw_58-18a.JPG,4
lw_58-18b.JPG,4
lw_58-18c.JPG,4
lw_58-19a.JPG,4
lw_58-19b.JPG,4
lw_58-19c.JPG,4
lw_58-1a.JPG,4
lw_58-1b.JPG,4
lw_58-1c.JPG,4
lw_58-20a.JPG,4
lw_58-20b.JPG,4
lw_58-20c.JPG,4
lw_58-2a.JPG,4
lw_58-2b.JPG,4
lw_58-2c.JPG,4
lw_58-3a.JPG,4
lw_58-3b.JPG,4
lw_58-3c.JPG,4
lw_58-4a.JPG,4
lw_58-4b.JPG,4
lw_58-4c.JPG,4
lw_58-5a.JPG,4
lw_58-5b.JPG,4
lw_58-5c.JPG,4
lw_58-6a.JPG,4
lw_58-6b.JPG,4
lw_58-6c.JPG,4
lw_58-7a.JPG,4
lw_58-7b.JPG,4
lw_58-7c.JPG,4
lw_58-8a.JPG,4
lw_58-8b.JPG,4
lw_58-8c.JPG,4
lw_58-9a.JPG,4
lw_58-9b.JPG,4
lw_58-9c.JPG,4
lw_6-10a.JPG,4
lw_6-10b.JPG,4
lw_6-10c.JPG,4
lw_6-11a.JPG,4
lw_6-11b.JPG,4
lw_6-11c.JPG,4
lw_6-12a.JPG,4
lw_6-12b.JPG,4
lw_6-12c.JPG,4
lw_6-13a.JPG,4
lw_6-13b.JPG,4
lw_6-13c.JPG,4
lw_6-14a.JPG,4
lw_6-14b.JPG,4
lw_6-14c.JPG,4
lw_6-15a.JPG,4
lw_6-15b.JPG,4
lw_6-15c.JPG,4
lw_6-16a.JPG,4
lw_6-16b.JPG,4
lw_6-16c.JPG,4
lw_6-17a.JPG,4
lw_6-17b.JPG,4
lw_6-17c.JPG,4
lw_6-18a.JPG,4
lw_6-18b.JPG,4
lw_6-18c.JPG,4
lw_6-19a.JPG,4
lw_6-19b.JPG,4
lw_6-19c.JPG,4
lw_6-1a.JPG,4
lw_6-1b.JPG,4
lw_6-1c.JPG,4
lw_6-20a.JPG,4
lw_6-20b.JPG,4
lw_6-20c.JPG,4
lw_6-2a.JPG,4
lw_6-2b.JPG,4
lw_6-2c.JPG,4
lw_6-3a.JPG,4
lw_6-3b.JPG,4
lw_6-3c.JPG,4
lw_6-4a.JPG,4
lw_6-4b.JPG,4
lw_6-4c.JPG,4
lw_6-5a.JPG,4
lw_6-5b.JPG,4
lw_6-5c.JPG,4
lw_6-6a.JPG,4
lw_6-6b.JPG,4
lw_6-6c.JPG,4
lw_6-7a.JPG,4
lw_6-7b.JPG,4
lw_6-7c.JPG,4
lw_6-8a.JPG,4
lw_6-8b.JPG,4
lw_6-8c.JPG,4
lw_6-9a.JPG,4
lw_6-9b.JPG,4
lw_6-9c.JPG,4
mr_DSC_1982.JPG,5
mr_DSC_1987.JPG,5
mr_DSC_1990.JPG,5
mr_DSC_2002.JPG,5
mr_DSC_2007.JPG,5
mr_DSC_2008.JPG,5
mr_DSC_2014.JPG,5
mr_DSC_2018.JPG,5
mr_DSC_2020.JPG,5
mr_DSC_2024.JPG,5
mr_DSC_2032.JPG,5
mr_DSC_2034.JPG,5
mr_DSC_2035.JPG,5
mr_DSC_2046.JPG,5
mr_DSC_2048.JPG,5
mr_DSC_2050.JPG,5
mr_DSC_2053.JPG,5
mr_DSC_2063.JPG,5
mr_DSC_2067.JPG,5
mr_DSC_2074.JPG,5
mr_DSC_2085.JPG,5
mr_DSC_2087.JPG,5
mr_DSC_2089.JPG,5
mr_DSC_2096.JPG,5
mr_DSC_2100.JPG,5
mr_DSC_2107.JPG,5
mr_DSC_2110.JPG,5
mr_DSC_2113.JPG,5
mr_DSC_2118.JPG,5
mr_DSC_2121.JPG,5
mr_DSC_2133.JPG,5
mr_DSC_2139.JPG,5
mr_DSC_2140.JPG,5
mr_DSC_2141.JPG,5
mr_DSC_2157.JPG,5
mr_DSC_2160.JPG,5
mr_DSC_2162.JPG,5
mr_DSC_2168.JPG,5
mr_DSC_2185.JPG,5
mr_DSC_2191.JPG,5
mr_DSC_2193.JPG,5
mr_DSC_2195.JPG,5
mr_DSC_2198.JPG,5
mr_DSC_2200.JPG,5
mr_DSC_2201.JPG,5
mr_DSC_2204.JPG,5
mr_DSC_2208.JPG,5
mr_DSC_2212.JPG,5
mr_DSC_2225.JPG,5
mr_DSC_2230.JPG,5
mr_DSC_2251.JPG,5
mr_DSC_2253.JPG,5
mr_DSC_2260.JPG,5
mr_DSC_2265.JPG,5
mr_DSC_2268.JPG,5
mr_DSC_2272.JPG,5
mr_DSC_2275.JPG,5
mr_DSC_2282.JPG,5
mr_DSC_2290.JPG,5
mr_DSC_2291.JPG,5
mr_DSC_2294.JPG,5
mr_DSC_2305.JPG,5
mr_DSC_2306.JPG,5
mr_DSC_2312.JPG,5
mr_DSC_2313.JPG,5
mr_DSC_2316.JPG,5
mr_DSC_2319.JPG,5
mr_DSC_2325.JPG,5
mr_DSC_2327.JPG,5
mr_DSC_2328.JPG,5
mr_DSC_2329.JPG,5
mr_DSC_2333.JPG,5
mr_DSC_2339.JPG,5
mr_DSC_2344.JPG,5
mr_DSC_2345.JPG,5
mr_DSC_2350.JPG,5
mr_DSC_2351.JPG,5
mr_DSC_2361.JPG,5
mr_DSC_2363.JPG,5
mr_DSC_2366.JPG,5
mr_DSC_2383.JPG,5
mr_DSC_2386.JPG,5
mr_DSC_2389.JPG,5
mr_DSC_2396.JPG,5
mr_DSC_2398.JPG,5
mr_DSC_2401.JPG,5
mr_DSC_2408.JPG,5
mr_DSC_2425.JPG,5
mr_DSC_2438.JPG,5
mr_DSC_2439.JPG,5
mr_DSC_2443.JPG,5
mr_DSC_2445.JPG,5
mr_DSC_2449.JPG,5
mr_DSC_2451.JPG,5
mr_DSC_2452.JPG,5
mr_DSC_2453.JPG,5
mr_DSC_2454.JPG,5
mr_DSC_2464.JPG,5
mr_DSC_2469.JPG,5
mr_DSC_2470.JPG,5
mr_DSC_2474.JPG,5
mr_DSC_2475.JPG,5
mr_DSC_2488.JPG,5
mr_DSC_2491.JPG,5
mr_DSC_2494.JPG,5
mr_DSC_2497.JPG,5
mr_DSC_2498.JPG,5
mr_DSC_2507.JPG,5
mr_DSC_2520.JPG,5
mr_DSC_2523.JPG,5
mr_DSC_2527.JPG,5
mr_DSC_2539.JPG,5
mr_DSC_2540.JPG,5
mr_DSC_2542.JPG,5
mr_DSC_2550.JPG,5
mr_DSC_2552.JPG,5
mr_DSC_2556.JPG,5
mr_DSC_2563.JPG,5
mr_DSC_2568.JPG,5
mr_DSC_2571.JPG,5
mr_DSC_2573.JPG,5
mr_DSC_2574.JPG,5
mr_DSC_2579.JPG,5
mr_DSC_2587.JPG,5
mr_DSC_2601.JPG,5
mr_DSC_2604.JPG,5
mr_DSC_2612.JPG,5
mr_DSC_2616.JPG,5
mr_DSC_2620.JPG,5
mr_DSC_2624.JPG,5
mr_DSC_2628.JPG,5
mr_DSC_2631.JPG,5
mr_DSC_2640.JPG,5
mr_DSC_2641.JPG,5
mr_DSC_2644.JPG,5
mr_DSC_2646.JPG,5
mr_DSC_2647.JPG,5
mr_DSC_2652.JPG,5
mr_DSC_2660.JPG,5
mr_DSC_2666.JPG,5
mr_DSC_2671.JPG,5
mr_DSC_2672.JPG,5
mr_DSC_2674.JPG,5
mr_DSC_2675.JPG,5
mr_DSC_2683.JPG,5
mr_DSC_2684.JPG,5
mr_DSC_2688.JPG,5
mr_DSC_2697.JPG,5
mr_DSC_2699.JPG,5
mr_DSC_2708.JPG,5
mr_DSC_2710.JPG,5
mr_DSC_2712.JPG,5
mr_DSC_2713.JPG,5
mr_DSC_2721.JPG,5
mr_DSC_2725.JPG,5
mr_DSC_2733.JPG,5
mr_DSC_2735.JPG,5
mr_DSC_2740.JPG,5
mr_DSC_2745.JPG,5
mr_DSC_2748.JPG,5
mr_DSC_2751.JPG,5
mr_DSC_2753.JPG,5
mr_DSC_2754.JPG,5
mr_DSC_2757.JPG,5
mr_DSC_2769.JPG,5
mr_DSC_2780.JPG,5
mr_DSC_2782.JPG,5
mr_DSC_2784.JPG,5
mr_DSC_2785.JPG,5
mr_DSC_2793.JPG,5
mr_DSC_2794.JPG,5
mr_DSC_2796.JPG,5
mr_DSC_2798.JPG,5
mr_DSC_2801.JPG,5
mr_DSC_2810.JPG,5
mr_DSC_2817.JPG,5
mr_DSC_2823.JPG,5
mr_DSC_2828.JPG,5
mr_DSC_2835.JPG,5
mr_DSC_2837.JPG,5
mr_DSC_2839.JPG,5
mr_DSC_2842.JPG,5
mr_DSC_2845.JPG,5
mr_DSC_2848.JPG,5
mr_DSC_2864.JPG,5
mr_DSC_2868.JPG,5
mr_DSC_2870.JPG,5
mr_DSC_2876.JPG,5
mr_DSC_2881.JPG,5
mr_DSC_2883.JPG,5
mr_DSC_2885.JPG,5
mr_DSC_2887.JPG,5
mr_DSC_2893.JPG,5
mr_DSC_2894.JPG,5
mr_DSC_2906.JPG,5
mr_DSC_2922.JPG,5
mr_DSC_2924.JPG,5
mr_DSC_2927.JPG,5
mr_DSC_2929.JPG,5
mr_DSC_2939.JPG,5
mr_DSC_2944.JPG,5
mr_DSC_2953.JPG,5
mr_DSC_2956.JPG,5
mr_DSC_2961.JPG,5
mr_DSC_2968.JPG,5
mr_DSC_2975.JPG,5
mr_DSC_2981.JPG,5
mr_DSC_2983.JPG,5
mr_DSC_2986.JPG,5
mr_DSC_2990.JPG,5
mr_DSC_2993.JPG,5
mr_DSC_2996.JPG,5
mr_DSC_3000.JPG,5
mr_DSC_3005.JPG,5
mr_DSC_3010.JPG,5
mr_DSC_3012.JPG,5
mr_DSC_3019.JPG,5
mr_DSC_3024.JPG,5
mr_DSC_3027.JPG,5
mr_DSC_3032.JPG,5
mr_DSC_3034.JPG,5
mr_DSC_3041.JPG,5
mr_DSC_3047.JPG,5
mr_DSC_3054.JPG,5
mr_DSC_3064.JPG,5
mr_DSC_3075.JPG,5
mr_DSC_3081.JPG,5
mr_DSC_3088.JPG,5
mr_DSC_3092.JPG,5
mr_DSC_3097.JPG,5
mr_DSC_3101.JPG,5
mr_DSC_3105.JPG,5
mr_DSC_3106.JPG,5
mr_DSC_3113.JPG,5
mr_DSC_3122.JPG,5
mr_DSC_3126.JPG,5
mr_DSC_3129.JPG,5
mr_DSC_3131.JPG,5
mr_DSC_3142.JPG,5
mr_DSC_3146.JPG,5
mr_DSC_3148.JPG,5
mr_DSC_3149.JPG,5
mr_DSC_3150.JPG,5
mr_DSC_3152.JPG,5
mr_DSC_3155.JPG,5
mr_DSC_3163.JPG,5
mr_DSC_3168.JPG,5
mr_DSC_3179.JPG,5
mr_DSC_3189.JPG,5
mr_DSC_3193.JPG,5
mr_DSC_3196.JPG,5
mr_DSC_3199.JPG,5
mr_DSC_3206.JPG,5
mr_DSC_3209.JPG,5
mr_DSC_3212.JPG,5
mr_DSC_3220.JPG,5
mr_DSC_3222.JPG,5
mr_DSC_3224.JPG,5
mr_DSC_3237.JPG,5
mr_DSC_3240.JPG,5
mr_DSC_3249.JPG,5
mr_DSC_3253.JPG,5
mr_DSC_3254.JPG,5
mr_DSC_3260.JPG,5
mr_DSC_3262.JPG,5
mr_DSC_3263.JPG,5
mr_DSC_3270.JPG,5
mr_DSC_3276.JPG,5
mr_DSC_3282.JPG,5
mr_DSC_3294.JPG,5
mr_DSC_3298.JPG,5
mr_DSC_3299.JPG,5
mr_DSC_3307.JPG,5
mr_DSC_3310.JPG,5
mr_DSC_3312.JPG,5
mr_DSC_3318.JPG,5
mr_DSC_3321.JPG,5
mr_DSC_3331.JPG,5
mr_DSC_3334.JPG,5
mr_DSC_3335.JPG,5
mr_DSC_3338.JPG,5
mr_DSC_3350.JPG,5
mr_DSC_3352.JPG,5
mr_DSC_3363.JPG,5
mr_DSC_3365.JPG,5
mr_DSC_3370.JPG,5
mr_DSC_3372.JPG,5
mr_DSC_3374.JPG,5
mr_DSC_3406.JPG,5
mr_DSC_3413.JPG,5
mr_DSC_3418.JPG,5
mr_DSC_3420.JPG,5
mr_DSC_3421.JPG,5
mr_DSC_3423.JPG,5
mr_DSC_3428.JPG,5
mr_DSC_3432.JPG,5
mr_DSC_3435.JPG,5
mr_DSC_3442.JPG,5
mr_DSC_3447.JPG,5
mr_DSC_3448.JPG,5
mr_DSC_3451.JPG,5
mr_DSC_3456.JPG,5
mr_DSC_3458.JPG,5
mr_DSC_3461.JPG,5
mr_DSC_3465.JPG,5
mr_DSC_3468.JPG,5
mr_DSC_3478.JPG,5
mr_DSC_3481.JPG,5
mr_DSC_3482.JPG,5
mr_DSC_3488.JPG,5
mr_DSC_3489.JPG,5
mr_DSC_3491.JPG,5
mr_DSC_3494.JPG,5
mr_DSC_3496.JPG,5
mr_DSC_3500.JPG,5
mr_DSC_3514.JPG,5
mr_DSC_3520.JPG,5
mr_DSC_3528.JPG,5
mr_DSC_3530.JPG,5
mr_DSC_3532.JPG,5
mr_DSC_3536.JPG,5
mr_DSC_3541.JPG,5
mr_DSC_3542.JPG,5
mr_DSC_3543.JPG,5
mr_DSC_3550.JPG,5
mr_DSC_3553.JPG,5
mr_DSC_3558.JPG,5
mr_DSC_3560.JPG,5
mr_DSC_3569.JPG,5
mr_DSC_3570.JPG,5
mr_DSC_3577.JPG,5
mr_DSC_3584.JPG,5
mr_DSC_3587.JPG,5
mr_DSC_3589.JPG,5
mr_DSC_3591.JPG,5
mr_DSC_3597.JPG,5
mr_DSC_3603.JPG,5
mr_DSC_3604.JPG,5
mr_DSC_3605.JPG,5
mr_DSC_3607.JPG,5
mr_DSC_3617.JPG,5
mr_DSC_3623.JPG,5
mr_DSC_3629.JPG,5
mr_DSC_3633.JPG,5
mr_DSC_3648.JPG,5
mr_DSC_3650.JPG,5
mr_DSC_3653.JPG,5
mr_DSC_3654.JPG,5
mr_DSC_3659.JPG,5
mr_DSC_3660.JPG,5
mr_DSC_3662.JPG,5
mr_DSC_3666.JPG,5
mr_DSC_3667.JPG,5
mr_DSC_3672.JPG,5
mr_DSC_3673.JPG,5
mr_DSC_3676.JPG,5
mr_DSC_3679.JPG,5
mr_DSC_3681.JPG,5
mr_DSC_3687.JPG,5
mr_DSC_3688.JPG,5
mr_DSC_3694.JPG,5
mr_DSC_3701.JPG,5
mr_DSC_3703.JPG,5
mr_DSC_3718.JPG,5
mr_DSC_3725.JPG,5
mr_DSC_3728.JPG,5
mr_DSC_3730.JPG,5
mr_DSC_3733.JPG,5
mr_DSC_3735.JPG,5
mr_DSC_3737.JPG,5
mr_DSC_3741.JPG,5
mr_DSC_3748.JPG,5
mr_DSC_3749.JPG,5
mr_DSC_3752.JPG,5
mr_DSC_3753.JPG,5
mr_DSC_3754.JPG,5
mr_DSC_3756.JPG,5
mr_DSC_3758.JPG,5
mr_DSC_3766.JPG,5
mr_DSC_3769.JPG,5
mr_DSC_3771.JPG,5
mr_DSC_3772.JPG,5
mr_DSC_3776.JPG,5
mr_DSC_3777.JPG,5
mr_DSC_3783.JPG,5
mr_DSC_3784.JPG,5
mr_DSC_3786.JPG,5
mr_DSC_3788.JPG,5
mr_DSC_3802.JPG,5
mr_DSC_3804.JPG,5
mr_DSC_3808.JPG,5
mr_DSC_3811.JPG,5
mr_DSC_3817.JPG,5
mr_DSC_3827.JPG,5
mr_DSC_3831.JPG,5
mr_DSC_3837.JPG,5
mr_DSC_3845.JPG,5
mr_DSC_3849.JPG,5
mr_DSC_3851.JPG,5
mr_DSC_3852.JPG,5
mr_DSC_3855.JPG,5
mr_DSC_3860.JPG,5
mr_DSC_3865.JPG,5
mr_DSC_3889.JPG,5
mr_DSC_3894.JPG,5
mr_DSC_3905.JPG,5
mr_DSC_3909.JPG,5
mr_DSC_3916.JPG,5
mr_DSC_3921.JPG,5
mr_DSC_3924.JPG,5
mr_DSC_3925.JPG,5
mr_DSC_3927.JPG,5
mr_DSC_3928.JPG,5
mr_DSC_3939.JPG,5
mr_DSC_3941.JPG,5
mr_DSC_3944.JPG,5
mr_DSC_3947.JPG,5
mr_DSC_3949.JPG,5
mr_DSC_3958.JPG,5
mr_DSC_3962.JPG,5
mr_DSC_3981.JPG,5
mr_DSC_3983.JPG,5
mr_DSC_3989.JPG,5
mr_DSC_4001.JPG,5
mr_DSC_4002.JPG,5
mr_DSC_4005.JPG,5
mr_DSC_4008.JPG,5
mr_DSC_4012.JPG,5
mr_DSC_4013.JPG,5
mr_DSC_4019.JPG,5
mr_DSC_4020.JPG,5
mr_DSC_4022.JPG,5
mr_DSC_4025.JPG,5
mr_DSC_4041.JPG,5
mr_DSC_4045.JPG,5
mr_DSC_4051.JPG,5
mr_DSC_4056.JPG,5
mr_DSC_4062.JPG,5
mr_DSC_4064.JPG,5
mr_DSC_4083.JPG,5
mr_DSC_4095.JPG,5
mr_DSC_4109.JPG,5
mr_DSC_4118.JPG,5
mr_DSC_4129.JPG,5
mr_DSC_4143.JPG,5
mr_DSC_4150.JPG,5
mr_DSC_4151.JPG,5
mr_DSC_4157.JPG,5
mr_DSC_4158.JPG,5
mr_DSC_4161.JPG,5
mr_DSC_4169.JPG,5
mr_DSC_4173.JPG,5
mr_DSC_4180.JPG,5
mr_DSC_4194.JPG,5
mr_DSC_4203.JPG,5
mr_DSC_4204.JPG,5
mr_DSC_4210.JPG,5
mr_DSC_4218.JPG,5
mr_DSC_4219.JPG,5
mr_DSC_4223.JPG,5
mr_DSC_4224.JPG,5
mr_DSC_4225.JPG,5
mr_DSC_4227.JPG,5
mr_DSC_4238.JPG,5
mr_DSC_4239.JPG,5
mr_DSC_4242.JPG,5
mr_DSC_4247.JPG,5
mr_DSC_4250.JPG,5
mr_DSC_4257.JPG,5
mr_DSC_4267.JPG,5
mr_DSC_4277.JPG,5
mr_DSC_4279.JPG,5
mr_DSC_4284.JPG,5
mr_DSC_4291.JPG,5
mr_DSC_4295.JPG,5
mr_DSC_4301.JPG,5
mr_DSC_4304.JPG,5
mr_DSC_4310.JPG,5
mr_DSC_4317.JPG,5
mr_DSC_4325.JPG,5
mr_DSC_4339.JPG,5
mr_DSC_4345.JPG,5
mr_DSC_4347.JPG,5
mr_DSC_4351.JPG,5
mr_DSC_4355.JPG,5
mr_DSC_4357.JPG,5
mr_DSC_4360.JPG,5
mr_DSC_4363.JPG,5
mr_DSC_4364.JPG,5
mr_DSC_4374.JPG,5
mr_DSC_4376.JPG,5
mr_DSC_4377.JPG,5
mr_DSC_4380.JPG,5
mr_DSC_4384.JPG,5
mr_DSC_4395.JPG,5
mr_DSC_4399.JPG,5
mr_DSC_4403.JPG,5
mr_DSC_4407.JPG,5
mr_DSC_4416.JPG,5
mr_DSC_4423.JPG,5
mr_DSC_4425.JPG,5
mr_DSC_4434.JPG,5
mr_DSC_4436.JPG,5
mr_DSC_4442.JPG,5
mr_DSC_4446.JPG,5
mr_DSC_4449.JPG,5
mr_DSC_4452.JPG,5
mr_DSC_4470.JPG,5
mr_DSC_4486.JPG,5
mr_DSC_4495.JPG,5
mr_DSC_4498.JPG,5
mr_DSC_4506.JPG,5
mr_DSC_4510.JPG,5
mr_DSC_4522.JPG,5
mr_DSC_4535.JPG,5
mr_DSC_4544.JPG,5
mr_DSC_4546.JPG,5
mr_DSC_4548.JPG,5
mr_DSC_4551.JPG,5
mr_DSC_4555.JPG,5
mr_DSC_4562.JPG,5
mr_DSC_4568.JPG,5
mr_DSC_4576.JPG,5
mr_DSC_4578.JPG,5
mr_DSC_4586.JPG,5
mr_DSC_4588.JPG,5
mr_DSC_4589.JPG,5
mr_DSC_4598.JPG,5
mr_DSC_4614.JPG,5
mr_DSC_4622.JPG,5
mr_DSC_4628.JPG,5
mr_DSC_4629.JPG,5
mr_DSC_4635.JPG,5
mr_DSC_4642.JPG,5
mr_DSC_4645.JPG,5
mr_DSC_4648.JPG,5
mr_DSC_4649.JPG,5
mr_DSC_4662.JPG,5
mr_DSC_4666.JPG,5
mr_DSC_4668.JPG,5
mr_DSC_4674.JPG,5
mr_DSC_4678.JPG,5
mr_DSC_4682.JPG,5
mr_DSC_4693.JPG,5
mr_DSC_4703.JPG,5
mr_DSC_4706.JPG,5
mr_DSC_4715.JPG,5
mr_DSC_4719.JPG,5
mr_DSC_4722.JPG,5
mr_DSC_4724.JPG,5
mr_DSC_4726.JPG,5
mr_DSC_4731.JPG,5
mr_DSC_4739.JPG,5
mr_DSC_4742.JPG,5
mr_DSC_4752.JPG,5
mr_DSC_4755.JPG,5
mr_DSC_4760.JPG,5
mr_DSC_4769.JPG,5
mr_DSC_4770.JPG,5
mr_DSC_4771.JPG,5
mr_DSC_4784.JPG,5
mr_DSC_4794.JPG,5
mr_DSC_4808.JPG,5
mr_DSC_4810.JPG,5
mr_DSC_4815.JPG,5
mr_DSC_4818.JPG,5
mr_DSC_4820.JPG,5
mr_DSC_4823.JPG,5
mr_DSC_4824.JPG,5
mr_DSC_4836.JPG,5
mr_DSC_4842.JPG,5
mr_DSC_4846.JPG,5
mr_DSC_4856.JPG,5
mr_DSC_4878.JPG,5
mr_DSC_4881.JPG,5
mr_DSC_4884.JPG,5
mr_DSC_4885.JPG,5
mr_DSC_4891.JPG,5
mr_DSC_4892.JPG,5
mr_DSC_4893.JPG,5
mr_DSC_4907.JPG,5
mr_DSC_4912.JPG,5
mr_DSC_4920.JPG,5
mr_DSC_4924.JPG,5
mr_DSC_4927.JPG,5
mr_DSC_4934.JPG,5
mr_DSC_4939.JPG,5
mr_DSC_4941.JPG,5
mr_DSC_4943.JPG,5
mr_DSC_4950.JPG,5
mr_DSC_4951.JPG,5
mr_DSC_4974.JPG,5
mr_DSC_5004.JPG,5
mr_DSC_5016.JPG,5
mr_DSC_5024.JPG,5
mr_DSC_5037.JPG,5
mr_DSC_5039.JPG,5
mr_DSC_5041.JPG,5
mr_DSC_5051.JPG,5
mr_DSC_5054.JPG,5
mr_DSC_5061.JPG,5
mr_DSC_5062.JPG,5
mr_DSC_5064.JPG,5
mr_DSC_5066.JPG,5
mr_DSC_5070.JPG,5
mr_DSC_5076.JPG,5
mr_DSC_5083.JPG,5
mr_DSC_5084.JPG,5
mr_DSC_5089.JPG,5
mr_DSC_5106.JPG,5
mr_DSC_5111.JPG,5
mr_DSC_5116.JPG,5
mr_DSC_5120.JPG,5
mr_DSC_5129.JPG,5
mr_DSC_5133.JPG,5
mr_DSC_5135.JPG,5
mr_DSC_5145.JPG,5
mr_DSC_5150.JPG,5
mr_DSC_5153.JPG,5
mr_DSC_5163.JPG,5
mr_DSC_5172.JPG,5
mr_DSC_5176.JPG,5
mr_DSC_5196.JPG,5
mr_DSC_5199.JPG,5
mr_DSC_5208.JPG,5
mr_DSC_5210.JPG,5
mr_DSC_5211.JPG,5
mr_DSC_5216.JPG,5
mr_DSC_5222.JPG,5
mr_DSC_5227.JPG,5
mr_DSC_5231.JPG,5
mr_DSC_5237.JPG,5
mr_DSC_5240.JPG,5
mr_DSC_5241.JPG,5
mr_DSC_5250.JPG,5
mr_DSC_5256.JPG,5
mr_DSC_5283.JPG,5
mr_DSC_5291.JPG,5
mr_DSC_5298.JPG,5
mr_DSC_5305.JPG,5
mr_DSC_5306.JPG,5
mr_DSC_5308.JPG,5
mr_DSC_5316.JPG,5
mr_DSC_5318.JPG,5
mr_DSC_5329.JPG,5
mr_DSC_5338.JPG,5
mr_DSC_5340.JPG,5
mr_DSC_5346.JPG,5
mr_DSC_5358.JPG,5
mr_DSC_5360.JPG,5
mr_DSC_5366.JPG,5
mr_DSC_5367.JPG,5
mr_DSC_5369.JPG,5
mr_DSC_5374.JPG,5
mr_DSC_5380.JPG,5
mr_DSC_5385.JPG,5
mr_DSC_5388.JPG,5
mr_DSC_5390.JPG,5
mr_DSC_5398.JPG,5
mr_DSC_5399.JPG,5
mr_DSC_5400.JPG,5
mr_DSC_5407.JPG,5
mr_DSC_5413.JPG,5
mr_DSC_5414.JPG,5
mr_DSC_5421.JPG,5
mr_DSC_5426.JPG,5
mr_DSC_5435.JPG,5
mr_DSC_5439.JPG,5
mr_DSC_5442.JPG,5
mr_DSC_5444.JPG,5
mr_DSC_5447.JPG,5
mr_DSC_5450.JPG,5
mr_DSC_5456.JPG,5
mr_DSC_5460.JPG,5
mr_DSC_5468.JPG,5
mr_DSC_5471.JPG,5
mr_DSC_5478.JPG,5
